--
-- PostgreSQL database dump
--

-- Dumped from database version 9.6.5
-- Dumped by pg_dump version 9.6.5

SET statement_timeout = 0;
SET lock_timeout = 0;
SET idle_in_transaction_session_timeout = 0;
SET client_encoding = 'UTF8';
SET standard_conforming_strings = on;
SET check_function_bodies = false;
SET client_min_messages = warning;
SET row_security = off;

--
-- Name: plpgsql; Type: EXTENSION; Schema: -; Owner: -
--

CREATE EXTENSION IF NOT EXISTS plpgsql WITH SCHEMA pg_catalog;


--
-- Name: EXTENSION plpgsql; Type: COMMENT; Schema: -; Owner: -
--

COMMENT ON EXTENSION plpgsql IS 'PL/pgSQL procedural language';


--
-- Name: uuid-ossp; Type: EXTENSION; Schema: -; Owner: -
--

CREATE EXTENSION IF NOT EXISTS "uuid-ossp" WITH SCHEMA public;


--
-- Name: EXTENSION "uuid-ossp"; Type: COMMENT; Schema: -; Owner: -
--

COMMENT ON EXTENSION "uuid-ossp" IS 'generate universally unique identifiers (UUIDs)';


SET search_path = public, pg_catalog;

SET default_tablespace = '';

SET default_with_oids = false;

--
-- Name: backend_configs; Type: TABLE; Schema: public; Owner: -
--

CREATE TABLE backend_configs (
    name character varying,
    backend_type character varying NOT NULL,
    description character varying,
    params character varying NOT NULL,
    catalog_id uuid NOT NULL,
    backend_config_id uuid NOT NULL
);


--
-- Name: catalogs; Type: TABLE; Schema: public; Owner: -
--

CREATE TABLE catalogs (
    name character varying,
    description character varying,
    catalog_id uuid NOT NULL,
    backend_config_id uuid
);


--
-- Name: cols; Type: TABLE; Schema: public; Owner: -
--

CREATE TABLE cols (
    tbl_col_id integer NOT NULL,
    tbl_id integer NOT NULL,
    name character varying NOT NULL,
    display_name character varying,
    description character varying,
    typ character varying NOT NULL
);


--
-- Name: cols_tbl_col_id_seq; Type: SEQUENCE; Schema: public; Owner: -
--

CREATE SEQUENCE cols_tbl_col_id_seq
    START WITH 1
    INCREMENT BY 1
    NO MINVALUE
    NO MAXVALUE
    CACHE 1;


--
-- Name: cols_tbl_col_id_seq; Type: SEQUENCE OWNED BY; Schema: public; Owner: -
--

ALTER SEQUENCE cols_tbl_col_id_seq OWNED BY cols.tbl_col_id;


--
-- Name: constraint_col_lists; Type: TABLE; Schema: public; Owner: -
--

CREATE TABLE constraint_col_lists (
    col_list_id integer NOT NULL
);


--
-- Name: constraint_col_lists_col_list_id_seq; Type: SEQUENCE; Schema: public; Owner: -
--

CREATE SEQUENCE constraint_col_lists_col_list_id_seq
    START WITH 1
    INCREMENT BY 1
    NO MINVALUE
    NO MAXVALUE
    CACHE 1;


--
-- Name: constraint_col_lists_col_list_id_seq; Type: SEQUENCE OWNED BY; Schema: public; Owner: -
--

ALTER SEQUENCE constraint_col_lists_col_list_id_seq OWNED BY constraint_col_lists.col_list_id;


--
-- Name: constraint_cols; Type: TABLE; Schema: public; Owner: -
--

CREATE TABLE constraint_cols (
    col_id integer NOT NULL,
    col_list_id integer NOT NULL,
    name character varying NOT NULL,
    idx integer NOT NULL
);


--
-- Name: constraint_cols_col_id_seq; Type: SEQUENCE; Schema: public; Owner: -
--

CREATE SEQUENCE constraint_cols_col_id_seq
    START WITH 1
    INCREMENT BY 1
    NO MINVALUE
    NO MAXVALUE
    CACHE 1;


--
-- Name: constraint_cols_col_id_seq; Type: SEQUENCE OWNED BY; Schema: public; Owner: -
--

ALTER SEQUENCE constraint_cols_col_id_seq OWNED BY constraint_cols.col_id;


--
-- Name: data_source_links; Type: TABLE; Schema: public; Owner: -
--

CREATE TABLE data_source_links (
    schema_id uuid NOT NULL,
    data_source_id uuid NOT NULL
);


--
-- Name: data_source_product_icons; Type: TABLE; Schema: public; Owner: -
--

CREATE TABLE data_source_product_icons (
    data_source_product_id uuid NOT NULL,
    contents bytea NOT NULL
);


--
-- Name: data_source_product_jars; Type: TABLE; Schema: public; Owner: -
--

CREATE TABLE data_source_product_jars (
    data_source_product_id uuid NOT NULL,
    name character varying NOT NULL,
    content bytea NOT NULL
);


--
-- Name: data_source_product_properties; Type: TABLE; Schema: public; Owner: -
--

CREATE TABLE data_source_product_properties (
    data_source_product_property_id uuid NOT NULL,
    data_source_product_id uuid NOT NULL,
    name character varying NOT NULL,
    type character varying NOT NULL,
    order_index integer NOT NULL
);


--
-- Name: data_source_products; Type: TABLE; Schema: public; Owner: -
--

CREATE TABLE data_source_products (
    is_bundled boolean DEFAULT false NOT NULL,
    product_root character varying NOT NULL,
    class_name character varying,
    data_source_product_id uuid NOT NULL,
    name character varying NOT NULL,
    description character varying,
    type character varying NOT NULL
);


--
-- Name: data_sources; Type: TABLE; Schema: public; Owner: -
--

CREATE TABLE data_sources (
    name character varying NOT NULL,
    description character varying,
    properties character varying NOT NULL,
    catalog_id uuid NOT NULL,
    data_source_product_id uuid NOT NULL,
    data_source_id uuid NOT NULL
);


--
-- Name: key_constraints; Type: TABLE; Schema: public; Owner: -
--

CREATE TABLE key_constraints (
    key_constraint_id integer NOT NULL,
    child_col_list_id integer NOT NULL,
    child_tbl_id integer NOT NULL,
    parent_col_list_id integer NOT NULL,
    parent_tbl_id integer NOT NULL,
    name character varying NOT NULL,
    typ character varying NOT NULL
);


--
-- Name: key_constraints_key_constraint_id_seq; Type: SEQUENCE; Schema: public; Owner: -
--

CREATE SEQUENCE key_constraints_key_constraint_id_seq
    START WITH 1
    INCREMENT BY 1
    NO MINVALUE
    NO MAXVALUE
    CACHE 1;


--
-- Name: key_constraints_key_constraint_id_seq; Type: SEQUENCE OWNED BY; Schema: public; Owner: -
--

ALTER SEQUENCE key_constraints_key_constraint_id_seq OWNED BY key_constraints.key_constraint_id;


--
-- Name: play_evolutions; Type: TABLE; Schema: public; Owner: -
--

CREATE TABLE play_evolutions (
    id integer NOT NULL,
    hash character varying(255) NOT NULL,
    applied_at timestamp without time zone NOT NULL,
    apply_script text,
    revert_script text,
    state character varying(255),
    last_problem text
);


--
-- Name: play_evolutions_lock; Type: TABLE; Schema: public; Owner: -
--

CREATE TABLE play_evolutions_lock (
    lock integer NOT NULL
);


--
-- Name: principal_permissions; Type: TABLE; Schema: public; Owner: -
--

CREATE TABLE principal_permissions (
    permission_id uuid NOT NULL,
    principal_id uuid NOT NULL,
    role_id uuid NOT NULL,
    resource_id uuid NOT NULL
);


--
-- Name: query_history; Type: TABLE; Schema: public; Owner: -
--

CREATE TABLE query_history (
    query_history_id uuid NOT NULL,
    started_at timestamp without time zone NOT NULL,
    query character varying NOT NULL,
    completion_status character varying,
    completed_at timestamp without time zone,
    plan character varying,
    backend_logical_plan character varying,
    backend_physical_plan character varying,
    catalog_id uuid NOT NULL,
    custom_reference character varying,
    data_source_id uuid,
    schema_id uuid,
    type character varying NOT NULL
);


--
-- Name: role_actions; Type: TABLE; Schema: public; Owner: -
--

CREATE TABLE role_actions (
    role_id uuid NOT NULL,
    action_type character varying NOT NULL
);


--
-- Name: roles; Type: TABLE; Schema: public; Owner: -
--

CREATE TABLE roles (
    role_id uuid NOT NULL,
    resource_type character varying NOT NULL,
    name character varying NOT NULL
);


--
-- Name: saved_queries; Type: TABLE; Schema: public; Owner: -
--

CREATE TABLE saved_queries (
    schema_id uuid NOT NULL,
    query character varying NOT NULL,
    saved_query_id uuid NOT NULL,
    catalog_id uuid NOT NULL,
    name character varying,
    description character varying
);


--
-- Name: schema_usages; Type: TABLE; Schema: public; Owner: -
--

CREATE TABLE schema_usages (
    parent_id uuid NOT NULL,
    child_id uuid NOT NULL
);


--
-- Name: schemas; Type: TABLE; Schema: public; Owner: -
--

CREATE TABLE schemas (
    name character varying NOT NULL,
    description character varying,
    psl character varying NOT NULL,
    catalog_id uuid NOT NULL,
    backend_config_id uuid,
    schema_id uuid NOT NULL
);


--
-- Name: tbls; Type: TABLE; Schema: public; Owner: -
--

CREATE TABLE tbls (
    tbl_id integer NOT NULL,
    data_source_id integer NOT NULL,
    name character varying NOT NULL,
    display_name character varying,
    description character varying,
    params character varying NOT NULL
);


--
-- Name: tbls_tbl_id_seq; Type: SEQUENCE; Schema: public; Owner: -
--

CREATE SEQUENCE tbls_tbl_id_seq
    START WITH 1
    INCREMENT BY 1
    NO MINVALUE
    NO MAXVALUE
    CACHE 1;


--
-- Name: tbls_tbl_id_seq; Type: SEQUENCE OWNED BY; Schema: public; Owner: -
--

ALTER SEQUENCE tbls_tbl_id_seq OWNED BY tbls.tbl_id;


--
-- Name: cols tbl_col_id; Type: DEFAULT; Schema: public; Owner: -
--

ALTER TABLE ONLY cols ALTER COLUMN tbl_col_id SET DEFAULT nextval('cols_tbl_col_id_seq'::regclass);


--
-- Name: constraint_col_lists col_list_id; Type: DEFAULT; Schema: public; Owner: -
--

ALTER TABLE ONLY constraint_col_lists ALTER COLUMN col_list_id SET DEFAULT nextval('constraint_col_lists_col_list_id_seq'::regclass);


--
-- Name: constraint_cols col_id; Type: DEFAULT; Schema: public; Owner: -
--

ALTER TABLE ONLY constraint_cols ALTER COLUMN col_id SET DEFAULT nextval('constraint_cols_col_id_seq'::regclass);


--
-- Name: key_constraints key_constraint_id; Type: DEFAULT; Schema: public; Owner: -
--

ALTER TABLE ONLY key_constraints ALTER COLUMN key_constraint_id SET DEFAULT nextval('key_constraints_key_constraint_id_seq'::regclass);


--
-- Name: tbls tbl_id; Type: DEFAULT; Schema: public; Owner: -
--

ALTER TABLE ONLY tbls ALTER COLUMN tbl_id SET DEFAULT nextval('tbls_tbl_id_seq'::regclass);


--
-- Data for Name: backend_configs; Type: TABLE DATA; Schema: public; Owner: -
--

COPY backend_configs (name, backend_type, description, params, catalog_id, backend_config_id) FROM stdin;
\.


--
-- Data for Name: catalogs; Type: TABLE DATA; Schema: public; Owner: -
--

COPY catalogs (name, description, catalog_id, backend_config_id) FROM stdin;
\.


--
-- Data for Name: cols; Type: TABLE DATA; Schema: public; Owner: -
--

COPY cols (tbl_col_id, tbl_id, name, display_name, description, typ) FROM stdin;
\.


--
-- Name: cols_tbl_col_id_seq; Type: SEQUENCE SET; Schema: public; Owner: -
--

SELECT pg_catalog.setval('cols_tbl_col_id_seq', 1, false);


--
-- Data for Name: constraint_col_lists; Type: TABLE DATA; Schema: public; Owner: -
--

COPY constraint_col_lists (col_list_id) FROM stdin;
\.


--
-- Name: constraint_col_lists_col_list_id_seq; Type: SEQUENCE SET; Schema: public; Owner: -
--

SELECT pg_catalog.setval('constraint_col_lists_col_list_id_seq', 1, false);


--
-- Data for Name: constraint_cols; Type: TABLE DATA; Schema: public; Owner: -
--

COPY constraint_cols (col_id, col_list_id, name, idx) FROM stdin;
\.


--
-- Name: constraint_cols_col_id_seq; Type: SEQUENCE SET; Schema: public; Owner: -
--

SELECT pg_catalog.setval('constraint_cols_col_id_seq', 1, false);


--
-- Data for Name: data_source_links; Type: TABLE DATA; Schema: public; Owner: -
--

COPY data_source_links (schema_id, data_source_id) FROM stdin;
\.


--
-- Data for Name: data_source_product_icons; Type: TABLE DATA; Schema: public; Owner: -
--

COPY data_source_product_icons (data_source_product_id, contents) FROM stdin;
a061939d-9fd2-4e22-9ef7-16f314077715	\\x89504e470d0a1a0a0000000d494844520000006400000064080600000070e295540000001974455874536f6674776172650041646f626520496d616765526561647971c9653c0000032469545874584d4c3a636f6d2e61646f62652e786d7000000000003c3f787061636b657420626567696e3d22efbbbf222069643d2257354d304d7043656869487a7265537a4e54637a6b633964223f3e203c783a786d706d65746120786d6c6e733a783d2261646f62653a6e733a6d6574612f2220783a786d70746b3d2241646f626520584d5020436f726520352e332d633031312036362e3134353636312c20323031322f30322f30362d31343a35363a32372020202020202020223e203c7264663a52444620786d6c6e733a7264663d22687474703a2f2f7777772e77332e6f72672f313939392f30322f32322d7264662d73796e7461782d6e7323223e203c7264663a4465736372697074696f6e207264663a61626f75743d222220786d6c6e733a786d703d22687474703a2f2f6e732e61646f62652e636f6d2f7861702f312e302f2220786d6c6e733a786d704d4d3d22687474703a2f2f6e732e61646f62652e636f6d2f7861702f312e302f6d6d2f2220786d6c6e733a73745265663d22687474703a2f2f6e732e61646f62652e636f6d2f7861702f312e302f73547970652f5265736f75726365526566232220786d703a43726561746f72546f6f6c3d2241646f62652050686f746f73686f702043533620284d6163696e746f7368292220786d704d4d3a496e7374616e636549443d22786d702e6969643a34323433414637443944343031314538393744414231393338363631363930302220786d704d4d3a446f63756d656e7449443d22786d702e6469643a3432343341463745394434303131453839374441423139333836363136393030223e203c786d704d4d3a4465726976656446726f6d2073745265663a696e7374616e636549443d22786d702e6969643a3432343341463742394434303131453839374441423139333836363136393030222073745265663a646f63756d656e7449443d22786d702e6469643a3432343341463743394434303131453839374441423139333836363136393030222f3e203c2f7264663a4465736372697074696f6e3e203c2f7264663a5244463e203c2f783a786d706d6574613e203c3f787061636b657420656e643d2272223f3edf3c8b56000024c64944415478daec5d077c54d5d29ff4de494880d06b80d09b52a50ad234627ba07ea2a2627b2af2509e58b03c0b966741104151b02120d2bbf4127a27107a48427a6ffbcd7ff6debb37cb6ed86c6e6c8ff1776473b79e336766fe53ce5c1793c9442e2e2ef43f487579b4e6d1824713e5ef081ec13c0278782baf2be091c3239d47128f533c0ef3d8cf63b7f27c95097c00b918c4107f1ecd7834562616ca239087278f521eb93c3278a4f2b8c0e32c8fd33c329df82e0f1e9d79b45316349a47b8b28878ae84473e8f6c1e693c2ef338c3e320e6cb63108f1b79b454feae0a25f3d8c463198f85cafcfe308674e1d15b199d15265486b2781c55166aaff2ef2e65216dd16d3c6e56462d2345c5d5d595a2a2a2a866cd9a141a1a4abebebee4eeee2ecf151717536e6e2ea5a4a450525292fc6b87b0e97ee2f12d8f15bf2743eee6f1a8b2cbec4e1093727373932f2a2c2c94e100412d6ce0b192c70265778fe3f18c227de508bfbb56ad5a14111141010101e4e1e1414545459493934357ae5c9105c4dfd6141313439d3b77a64e9d3ac9e3c68d1b0b43f07b2ba28282023a7dfa341d3c789076edda45ebd7afa71d3b76d87ae96f3cde5024a7da18d295c7db3cbaeb2f6231ba77ef4e1d3b7694c9d5af5f9fc2c2c264815486e4e7e753565616a5a6a6d2f9f3e7e9d4a95374f4e851dabf7f3f1d3e7c589eb741798ace6ea8bf8885ecdfbf3f75ebd68d6263638521f616323939991213136501b17075ead4a111234650ab56ad0c93ae63c78ed1a2458b68f6ecd974e4c811eba7bf5636538ad10c01239ed54bc0d8b1636572bd7bf7261f1f1fa7270426edddbb97f6eddb475bb76ea5b56bd7527a7a7ab9d7f8f9f9d1a38f3e4a717171c210a3a8b0b884cea76452599989d273f2e9725ab6fc9b5b504c25a5a56683c5ccf6f7f1a4d0405f8a0c0da0ba11c15423c8cfe6e72d5ebc98a64f9f4e4b972ed55fce50d6ee0ba318b254d1db4260c4a44993a8418306365f9c969d47e9d9f994c7932ae649b9f267fb7879c8a482fd7dc8cfdbb362c3c292b46edd3afaf9e79f65627dfaf4a1f7df7f5f548a359d4dcea00bbca02999b9949b5f44a5a63259405ffe8e107f6f59c0a8b040bbdf99995b401ffdbc85a6fdb091d2523329b446905c2f2a29d5d604ebe3eee6aa7cae078507fb5383c8108a6d18453d621bc870b55abf850b17d2f3cf3f4fc78f1fd75ffe80c753556188aba20b6fc01fe1e1e1c2fd912347967bd1f1f3a9b4fdf059da7de2029dbe74852ea7e7504e7e2115149552695919e1a3bd3cdcc9dbd39d027cbd283cc89f6af12235ac154acda2c37972a1d4a8761879ba5fad76a0caaca56fcba1445ab7e714ed3c768e122e5e11e663a797f22ec75cb03890604f77570af2f3a630decd8d6a8551bb26b5a943d3dad4b1691df92d7a5ab727813e5eb48556ed3e4181bede54273c888a4b4a758bc583ff2b2d35f1bc8a292baf80b2f30ac98f3759cb7a35e9e62ecd29ae676b6a1065c135653cf771e3c6d18c1933ac37f7503ced0c4356f3e88b071d3a74a0952b570a025169e5cee33463e90e8a3f7e4176281622c0d7937cbd3c6547b9f1a2e0634df2e34cc29ce2923299507ea1597ac028484d747830c5368aa41b5ad6a316756b52b3bae1573168e9f6a3f4e9e2adb4e3c839562945b2d841fc5e2f0f37dd0ec5bf26f94ecc4bfd3e48424151894829987353bb4634aa771b6ad520b2dc772cda7c8826cf5ac18c4ea398fa35cb2d942d40515a5a26734fcbca13691c7e630c4dbcab0f4584f86baf83a48f1a358a4a4a4ad44b3b14845a29864ce231150f60086184816040d9bcfb9ffd7409cd5fbb4fde17cdbb49769c8b79275516ea15f1a241a230524f27d12d43bad07793ef16b503c2ce7ffcc3853467c56ef2f672171d0ef55156c92fc314b1c3d373f228292d8725d58f6eedd18a1e1b790335a95dc3020458c21f7dff675ab4e5104b7084a83b6c26bb9f8be1ea2212738a2516d2fed298fe74479f36da6b601fbb74e9a2479aeb79f4719421313c0ee181b7b7b7e8c1e8e8687922e1c2158a7bf96b3a78fa32b5e41d84dd8905ab2a41a2ce5c4e1763f9eb1bf7f3a287c8f5c4a4341af3c677b48d55628c81df07e9cd2de005bc94463579378f1ddc8526dedd5baeab3475ee5a7a73de3ad9f9616cd04b4acb1c9ac7c52b59c2d4b1833bd37f9f1ca13d07a407349a99a9f9c2dff3b8c311861c5298424b962ca1214386c8c53349e9d4fbe9e994919b2fbadf911fe8d8ce75a12c56295758ec7ffbe0116a512fc2fc7dcca05e4f7dc620219f62f81a76a9c94486921b2f60067ffe69664ca7e67568da63c3a873f368edf9af56c6d323d3165064588048942373766569292a2ea503a792a87fc726f4d3cba3355081cdddb2654bbdfa7a92c7877a86b85a7dde4d2a33faf5eba731a3888de65d53e709826a6e203354913fcd92f0e683376bcc80bebf7dca5cca6008da92afe1fb8c6686a843fedc40b64530f8c7cea5d2a0e767d2b76bf668cf8f19d09ebefad71d9492912376422f41f608f6d2830145c766b569c3be533468c2170c02ccaaaa69d3a682c0ac9057b03592b2b61de6577ef08176f1e5af5633923a230b566c2033608cc18cc18c52c60eb1f8170fbef3231d607bd2bcaeb1df67cf8e41fa1ab3ee0f0df0a5b16fff28f3d5e2358c9e663d374a20762edb3957079c686c1ea8d6368da2187d9ea791ff9ea3490036f9fdf7df6f73cdad19525b45553040f0ba41709cbe5cbe4bd45445c6cda91dca9f077f05c844a5b9abe265c04695543333f484ef0a0bf463381e4653be5c4913a65b9cbbb85ead45828f9e4ba11205ca3bfa99ad19c96dd87b8a9e6120a4d23befbca37fd9bdf6187297fa60fcf8f1dac599bfee1071850f61a4dac04e3b7b398386746d4e5d63ea2aaaaa98de9abf9eead60c7168271aaec278b17dd9896dd3b816bdf3fd0631ea2a3d15d783c60ded4a47cf263ba4ba3415c68b86cd357dc976da7ee4ac5c83fbd0a3470f2dfac4a38d2d86dc8aff797a7ad2adb7de6a86b8acfb166f392c7e8211e8a6fce44d54c8c6edb1113768d73e5db48d75798a209bb2ea301a0e2e207c20f82893662ea719bf6ed79e036aead82c5ad0a6a34cc134bcd82d806df965ab25d6d5b76f5febc879398604282174816688d44ac8f2c0693ac9d83ac8dfdbd049bb2878bf6b4c3dead5c61c3bcc2b2ca2d92b7609f3cb4c65f447129802dfaa699d70f68116d1366567833e7a7c381530c8016c76344a0e6604f97a8b9fa252a3468df42f6964cd908e4081788060a14a08899455426756c64bbb929dcb9e6d4bedd277ebf68b8e06e6ff8384e3aa450ce68d1812e02320038e2b08867af2e8be7492a5c4b512eb02a716d05ed53456b1b9706b86c4aa17dab66dabbdeaf099cb1468b0ed50612d1cb2c15d9a59420c9b0e5288bf8f12f8f873108c723db667c779a33cf799c5c84fb8b3b740e5730c781cb575701af379de8545255a045b47fed60cd1923f6a14173be27c6a16f9fb78193e5180840e4deb4860513cd1c4cb147fe202db0eff3f8574583325a67e24cd5ab653828f9a2b706f7f8991396a5b95d8b1bd0de766cd903aaa4147c24785bb58384f0f77c3ed47267bfb6d1b59b2b0ebf725f077e5b33175a73f23c1d10b0ff6a3899f2f93c0286840a7a6d4b77d1396920c876c091807b0a0064dad32a885d60c111d56a3460d0a0931c79110d6468ec1c3cdd5d0c99994585273c52b071d3d932271aab23f9b78e8ec49ed1a81b4e7e4059abf6eaf767dece04e8244c901355b2290da9399eba6e57d74946d93214141411ab7739819f810a32d3a7217084fb75642dfc0fe47cf258b01fd3313360b10e0cc5f776ab9926137c450b796752507742d427c0ba906952e5fbe5c4e8bdb82bde4e565b117f01124f068f0c490cb4008bd317bc420a01504f702ecd82afc06d31f28396a342123a740fc892d6c4710b950e9f65eb19492917b4db555c80ca9196ac9935cb87041fff425cdf8eb8d8aabced9a9ae350043a299216e8a2a3c793155d423124e9854619179f290502c86fa3a04023d59ad21851ae0e369b8a3aa8fd6c2905fba92c5f6a24422b535827c05fec2961415474822ebbe411dc51e0cecd894a2c202043de1f7d90707a5544749114b34fbcc19fdd367ad1922964a1716663d5f3da18bc2a252496a693f2c2983a5b1949279972179141912486d1a47514b46364061817e5e1a32031a5bbf37818e9c4d1109c30219c918e8f78ba999b219103a1fc08b8de455dd9ac1a26e005df17d706a55b381d85727f6de371d4ca4a8d000bb528ecfd6a778adf2ed09d60cc915ffa0c05215e9c38e0c76ac19a6b918aa0222753f1cce67ee8554ead6bfbd447db1082d95f4a92d828afb70c1269acd6a239a7d043f6f0f31ba46300339fa0846531f3d3142ec833d826fa627cc47455fb608a964f8584deb983393d8f8485829040374cc9a21a81b6a8aaa3c149601fe06fbfb0a533059a380965ac111a694d14035d46669f964ca681a37bc9b43f01161f20f1f1f4e4d78722fcc5cce7fd7103553158236b8c83e5730abcd5fa6de5f6e27c38023be86d4b5c056760380086b8505498ede2cf52515c6b6720a0aa91eabe9868add44fd962e73888460913543ce09d44d4f9742b6860d1b4a65484880af18340f773783908ab9022544415460c0eb63075df5ba1d47cfd11e76140f2726d3b1f3299220abcfeaebbe811da8a712fb7a7ce48d74e44c32cd5d1d4f2dea4654497521af9f9d5f40f3fffd7fe598f1d03b3fd1aaf8e3327fa8dae48c1cb11730e2b326c4b1416fa36dac8af65226dbc4e61d23341f64e7ce9dfaa7f794f3e85555ae5997b367852180a6116c40116e567782115e088c34f0b8b59dca60aff7dbd57b24ba8ce4543adb0c04f1da37a92ddfbf62d771fa72fe7a7af75f77d03f6fef29ef99c2def2b2ed470528787b7a38fdab50db754bd716d42da69e063c063dff0565f06f78f9be01d4a5455d91ec0dfb4fd3e42f964bdd96b7a767390970b7a346b0e9102a6addd012bbdabe7dbbfe25bb6d31e4b8ded820c088a5aac7c66cf7f1f3762bf52aafb2cc79102f5d5d14263763c9769ab97407333f45d00cbe0f41cd19e36ea17bfab5d33c5da09b09d37f15238a02356c9a21dd5ad0b76bf652c3a850a77f573e23bb419d2d71b5b7e76fa04d6bf792e9c0f4f23b9d370daa1a6bf246ad1b1eaca9b4948cbcab6abd347455522a3e56275dae1e35c13ada540ee529ff6a817a9db1911aa682a212633d75a44c7599c071effd44e3dffd498a0d5a378c148f5802716c240374c613d284b29d9bbb34a3d7bf5dab5dc7ae864aab4aac0ab6a3499d70cd0144dac18f6dd3b8f7163088481546fcb4f100ddf9ea3752bd886ac8e89a66a4989496cdaa2c9bbc3d6c4b286c8f14ea3536878a5052a543583015476d49080ea06056ee870e1dd219d01ae4eeaa54bb1900b4d4e2b2ec7c4b1ce7cce50caa1519423578d7a968c90d55edcc98a7febb58160c8c006d6168b978f361cd3882805c8060f03a7727d007509f0ffb1aaa5a46b808b99968fe4d0b5922371f4a946ac653e2bc7a8a24c0c143fe5d627e0c93e147d9d2222e4a08aa77db46da6f43fdb28ed65e151556a5519192d6287c2e65270615e5a830090df413b55291d353893488142d60d22ac1493cc8fe85de1bc72324744a4af369fc070be9eb55bb05c520228c1044566e215d4acb62dc1f484df93746b1c39599935f4ea22a13ee847a54eb05b070ee3c77301811851cb62730e680b688eb81317a072f31295d22e37a2f5c3f6168185464da5157bf5de598ea1eef17072c2d4d132940cc3ae1818cb48a0c8bf44a284287d9b1e3ca6c14338071d0bd98e8ae6317a4580ea900c0e44b5732c51f91f81bab1b389a7a265786dcdd5c647e001166ffcb4392645099505fc8b1e33ba032f13718a5f7a3009761df5c6ca810d408e0f7f76b6f39da820a791dadaf88211afcdabddb6cf881b9a1b632f30a8c61888b79527a9defe5ee4e6515445921194866611154d808c38a9da912ec0e0cb373a11257f9bcb3c999e56c27a2b82e76828c389aa012b2801e36cea7e0bd97d372a873f3ba52b4a1aa2b9c59d1d9ed848a18b2d3162c43b2bf222fd419a455a22b2772777775287c6d1dc2471e42a5b0205fa743f72ecaff00b55542f2cc5ec9135e1fa07303a0ae6c3aa62e66833ea85353edd237df7ca37fc577363788ee71bc1ad3d21fd3421843d48a81d1c6721fe50458802e4fd685bc616faae2180214c01155a92743eac8d04049b9dab283fa8882bdb00da40ef6f1665d9afafbefbfd7bfe4876b3124477552f6ecd9431919e61dd896e15a1dc6dc4649898b92a0d2508e13c570702ed5f24cc91df8562dcd0cdf675fc225f1b940381fd2bd757d89f85a8773b0fe7a1be883589ad566c57b605bfa7768ccead66c6f56ad5aa53f307a4441b6153204b4590c6a71b12625f0d6eb3304cc36c08e8863c8e2eda5436c404d2e95141330b450b77b1122073c77366f02548582ef653bb4181fdddabd95440aac3f138e2da0ac4aa12c5dd69baa4c0e0f95d1c8ee96b38c9f7df699fe255fdab569567f6b5e210e639637724506b82266230de4a279c9bcdb2a1beac7a6d5ab0ac49a5c5d5dabb0514c021a56ec382e078940833a37a5987a35cb2dbe9a2f49cdccd5feae11e47f55e1028ac471b6a4476b73c108a2e83818aaa3af1d6588663c366fdeac5decd8ac8e88a5c9000901ce0fd2a53261f89c095e5aebf1aa6615819c90335f1b9fa021cca1dd5ad00576fcf41b06484f6fbf106c44c0543b4e80c831abbaa137b4d042443ffef8a3f8763a6730c95186402c249d88d3b02a01ba216e54951085ea150320a85e2e303db283956548a952f2af123c6b73c4d57919c67b015f7fdc7840bbf6c0e04e92a1ccd6f9380862c25154ed066c840f5f535119243e946dd298feedb5f74c9b364dff555f5508c36d5c5bab3a88381c6f5659a1145337e22af1ad74989bed4548a08ff81520883eb2845e952c35423a14e10c2de8c706beaaf28b1d8ecce0e2cd8724c26df66f82e81ffddb49ce5f0522b07f3844744571246b04fb4aa92d42f8900e1c6c1a76434baaa7d49ce1385b7c7cbc06be78ccab2c43b4c311cb972fb748498b684a63dd5895221418c91a817edaa1c88b57b22535eb5589b08c8bc2d8e8084bf8223d2b9f8d6dd5b368905e84dedfffc912807dfab61e625fb214500369cee1c76959b91a64468106a2ba88fce2f9878759ce744e993245ff159fe893518e32648dfa00504d25e404a03f4d55c0fbeace56036de9d9b952485019a36e5222bf4deb68e5b0949496e55460d1962a44e012915d64090565f2e6b977600749ef424af0ddf04f72f2cdd017d15f8014a830044afb7568a21501a2d4c7eac4d4b46b460e6c5c3ba7a22d1876d51f41800c6194acfca22aa8052ae7d5cad9f24a3a87d0d1087f4362cdf908735d5790bf3125af3e2c259040fdd99047867513f505f40434077b55a4d4660132030094949ae4b7a11ac58e74fc48ba729fca3004f4abd9692bd5d416027b38370783e6acd6c22ece81be570c228a053cdcd87f70d03784e14d4acf962c2252cca2a3132ed2913329e56c4a55a50469dc051b0fd241259c029b8794318e13603f6153b92b1b0b080fd2713e25438e56dcac24ba50c860d534609243b1353bd77fd11efca23da45eb10dc50932554147e3a0bd6a10e1dfe018594125d01b22b343751521ebf62688d7eeee664cdedf0c79dd64d1df9c6709c63e36bc9ba46151f3ece7e5291160f5f7e0fb4b593afe19a79d8aa2fffce73f7aa80b7474a22a0c811372590d17ab1fdcbd75033170854ec25f84b691d03971dedce70b90b2053b5f405bd7020b78fa0abf0e8b32b27b4b0d192dd97644a20946563762d7378c0aa31f37ec978e1582ae7833bd746f3f4a4ece6064e5a745705333f368cfb17334a4472b29c016b59a9f6fadae9e7338fa5cc173027fd17b4a856d88f120d8280be88cca62fd8be4d2f6a3e7b46b8886c217b9d6390ba8ab4b69d97467ef361a4c5eb9eb04ed3e765e2a0b8d26186fc4b8a67eb35663360e18356e1029465ccda1a32aa6801dc197c6f4d3defbd24b2f49f84921e499d61bc1100dfea25f874a4011286b71c609c3b46ab047bc6cbb256634aa4f1b8a6d184997180257c4943c31e60174575fcb81221c8183a3561d3d23d5e26a34bbb13ebb8e68b04aa894e9d4b58556c480c6696fbffdb6fea31ea9ccf756c410a00231b75f7f6d09bd209c802c58be93c50f80919b0e9ce6dd6d5605d86dcfddd98bce5d4ed7ba07d9920e18cdfebc19a214637e38f132ad893f29525b5dc5d8f854742f429f159526dedd477eaf8af85010f1d1f8e196e7274eb47621b618c5902c554a503ca7661171c40b951eb642d30e7d21bf07e59f1f2fb4fcce3bfbb4a5b1b774a1f8e3e7051a5b7fae49499d8ed0454f7f60fd9ea354135617e17b516cb1e9e0194daa115e510f16bdfbfd46eac6ee40170582639d66ce9ca9ff88272abd3ed7787eb6fa400fe1105646fcc85955502f328456ed3e495f2cb524c23e7f268e1db04e52c800e4a2cf99c09b07d485ba34239b6239628c72ceea3ee4830d841cfb0b28902bb6f4d0426787cd87ced05b0f0dd6aedd75d75dfab72eb697f3a80a43a0b624133477ee5ca9ce00ddc26a0b8dbb329c8c6d21ff818a8e7f7eb28475f4192da43e7be2287ae19e9b24c27a283149c215403c30e64030ea69aee53b8f89ca82d1ad6e02c391b3c701d8e73f5f5acec9457707cc438de86edaa4855cd00277b8ee63102beac46334a231646e22dac31986002a48ee17ad52d51424e06b5fdead5838673a2e6092ea91e35bfffd15fdbacd72a0fed5ff1b48cbdf7a80eebca9adc488cea566500133e6a6b69673dd7356ee164ff9f76a020ddf0bf5c39ffdb28d7e58bf5f51ddc172445a556d0f3cf080fe2d3811f522995b30410d9c55fe45a4f73d1e1ff3d8a8b8176dca6d5607268538b21890ae5dbb6a855ee8243760c20cf3e11b2792436024bce2f87d09f4deb371f474dcd51b060e2424018ed740961078fad804b7bf3c578280e79333a5d1197670551c56c742f3e6ba307c47fcf427e4fc8ad96729a3010306d09a356baaf2152d990f871d65881adf9293ba972e5da2c848f38f899bf235addd932087672aa3cbc10c4446f7265ca257ef1f402f8eb6b499806144173b7b0446408d21b3b78afd904f166da5fda72e49c15c693534ab715118826063af360de881c19de9c656f5b54a4538cd8f3cf208ad5ebd5a0ad575de3905070753eddab5a52f709b366da43d2dd60ed018dd96744573bf311f7a568621ffe2f1bac086279ed05a37addd739286be305bda28b938bcdbccfa173662fcc81be9ed878794838cefbefbaef45a19366c98b48445253e8e10abed3e6c051b47b1c4c0c0a2acd4e80e4270105194d7bf63539a3ff9ee0a5f8b7383c823416a020303a571a8bfbfbfddd7b768d142fa172324cf7cf0aa0c437c1518ec86d76667676b9d08d00b6ae3bed3d26bd091934c5212caf0f69efeed69f6f3a3b4eb6fbdf5963586377bf70c31e1683df594a5c3ea6e5697587cb5da0447d03a8cfb405203817ec69ee605b0404670d7674f68994d9c0ff972d90e6a101546b7f78ead541cce57d7b2161b4f71ba4b980f5268e068aa0ed140d4e63f0a06bef6da6bf4c61b6fc813cf8eea25aaa344c9985544c0f007593270946026db0d9580e06c310304c6a3aba706bf976ca787defd497a302e9e7a9f04285128fde8b06e3489a129b277462261541f3e795b778d1928158a9b3297122f5ea11086c3c89df4edd058faf822ce27675f5ccced43b2730b041ec38145e9d283433acbef056153ebec4e49658cba4af8a454d5c8410faa4d06fef1fa7c5ab8e9a05439da5319308a2758f4719073ddb487b4961d4882c128da22b4c4dbb66d9bf63dcb771ca3e12fce96d35448aba25fee8257468bd401960e9e384b24c44867117d4ed09669cc800ef2373a967eba702b756d653e067121354bca5811fd45f6d01cca31b7b60220619d4a7dd96f83adeca62bba863ad69da45ace7cb8d911d85b0ef490390529306ff2e4c9da13afdcd75fc4fa4a669e4d29013a42a316a46a17be36466306cea2d86206bad9bdf8e28b74e0c0018d19d0e363de982fa113c06518711c7d532b4010f1c581cd4203cfb348ef2ca5b7b04ae858e4e2e622c92a484198d2825c900fa3bef813e7693bdb33f84eb7f56a4dab3f1e4fabdf7950630622c13d7bf6b43ed6f6a4b65695fc8dff569c1afaf8e38fe9d9679f95e6fb487bbefbe850baefadef28d6274ac45b8d2f61f7c2d34681c42fafdf279937095ba7a652ebd6ade5311008da0ae26e0568b28fce9d7a420ee2b697be124480c983e5e85a8a7317214a050b8c7b91036ad31978ae273461463e1d994378eee65090a71c518094207186834760406cc3f2edd181aad0aa3d21a15c8d351c98e3ce320452f29ae2f4d02db7dca29db84214f4d8b9647afdeb35d4b6496d610a541b4e1f25b07af966d29d3c99c61a7647032fdcdd60d6ac59d239db1e41474f99b34a4e2a21850c03810ea291210134e399dbb430383a259428bde68d8c2e82c17a43fce23ffa4a8f481876848ff0bcbfb7979ca7b7573d835353d028df7efbadf5536379cc2aa74d9cf899d0550ff2a889d35613264c90ec1868ea03832434ffc9e2ad5a476818fb8f9f18219eb74a9004ec3094c8d8f233d02000e74156ec3c26a115ec3ca828a47f71f2b67e5428fdfcca9872e7344ae5d08dc92927d51e49c31834e0b7cab740052315702ddab0618354bc63d3e9fd13c5168f211bf71771b61fd260d57b072445d3b3bbef36637418c09bda37965eed4848a1e5769f7696b0c7c30f3f2c092f7d25380c34d2a530cce891ab36f48781463e1bb910440680a6d04e162763d12ec93acb079d6f64832738afd80c08c1832e5ebc480b162cd01c3cf54601404c50c1700c71d809f714c11c21193608687512e91ace18c19078c59ebc823feeb9e71ed901a3478f36e3eb1eadb473817a4226edf3cf3f97c7b8d18a066d599a9ab01f03666061011de189e3315412a022aaf087768bd13a988aff919343797979725319297535b6e984d80848a19a913c71e2043dfef8e3ce7e1ca2bf6ff2d85ad18baab2a15e25f38db9e4fe1563c68c91630cafbcf2ca55de29c221506df3e6598af6a64e9d2a080b061d49ab67efe86591e7cc5c49f5a2196680afb756e9a8a765cb96c94d5e5015038648af368343f13892861089dac40d50bf9204371c653bf3796c77e40d559570f4939da3e843a96185938716a85868480d125bb8318bf53da8d05a02aa0e0e21c231faa69058047b67e3011711ba514f23d5ab57afdaa2bc000a80d32ae93af8200a8eb0af8f9258cc555410eaae505d02a4734c8f9e1c2523542e3a33a38069828415525268fefcf932ecd0cb64bea1985405bcf9e69b72079d8103074a3419c80bc14504e654b584850063e1d9ea4fb1225e84de2cb88b4375e4a9a036f5d279ee9c569c7192cc9d5c0d27a36ce0f30a62808333c2368024f4da4654528d176892a59e9fb03a4361ee4654c14a97c91d139463002e64786e049fad6fb904a3adcb77d09f9921e2f728a33e99efe8d65031b1894a2226d186647da1389ac314f1bf6a416cd04505e10d608678a97012c5d62e2aeb0d62064230914a518515430afe0a0c5129d1c6e2dba38dcaa8a9a831382b284b44b572a0f2fb7214957844c9ba2d52ae6781191a435c5d6418a5b9a40f3ca3bf48a52100180470a246fdff4a0c712aa84ae61b492e70f0f5288c720333d42e7888a6ba56e19ca12d838e6061548859429098c38d2a15caa8ae8570a5bf2689ca0033d43b797ab0130a47d428e30e862070a8b6cc80bad2313bfd3a43acd64b819e1a9c46ec0c210da3ca8210acc47135350fa2b31fd56ad4ffaa0cc95798a2f589f4f27493c52b334c659568559220ab086dd2758658c520c99cc5d4eea38b48ab30c4a0bb00218e554b1740d4877a14a4779d213a8225975edda81703a1560cc388b6b1d2ac93ed517484e57e5d5681c233d719723565aa21184159bc8008521a517522014e6f8f72074b752a2b9f1c3c7cf3bfc610413afa3b4b233cafbf87adf32193324938852b712c94f6e8c226c75575799d2157fb2efa862e92bb30e2367b285e401e3d52691c83da295dd7ef3dd539a9bf324364cbeaef328033f0569939e710434191b46752ebbeac20effeeb0cb14da2d475e10c492655d5a8cbad60f30aa51a53a5d3a74feb5fb2eb3a436c9394cc9f3c7952bb803652d2dca00a3c51bd717de3cadf7efb4def106ebece10db24479ad0475d750e91e645f6d1d9fe8b5200989527c5e33729750008cde81af120b059769d21b609951bbbc18c2d5bb6682a0b39f7f3c9194ed567219d825b863f30a4b37687671463e8b29dffadee49fd95190292243dd2c62ae1f6a828df41f37c47f355d276d0cd95f6275ca27eed9b94bbfb28ea98158a57c67586544072ba6bce9c39da4db6d024e76166cafe931745055d2b8b088712cd9271de1d4d0ce64cbc432b5c993d7bb694f428f4f4ef312197dfeb58583512125c3de2e2e2e8871fcc8d3e81b4e2a67c450b371ea4980691a27e4c561df1103c44892b6c464d5675f7f46d2777f0f451da0fe2ac070a2814188df4f4e0ea9c840a26fe0e0c41b5f60ab1b88b16c9411f959ef8689194a2a6e71448b318d815e946c7ea2934c8975a4447d00dadead16d3d63b5bbdfa8501a35c60aa4064722159b759d210e12ee20201d695031d8ae5d3b0b363e934c9b0f264a1723ccd99f9d3db4268fa91751ced7500946fca1871ed2df01a7972285f47b30e40fbd259d81845c3c266272757535cd9b37cf54595ab66c9969d0a04126f57394d1e7f79a80767bc0bf094340e3f58b397cf870d3faf5ebed32202727c7b46edd3ad3e4c9934db1b1b1d68c80c4b5ff3d7fbcca90bf8bca52e9213217335bbcf7faf5e500106e2b8bf38a288c86c1067ab2511a8a7ee3eff378e7f7fee17f3795a527d484fd66b5e32b1af0fa507f7b3f0faf3fea47ff5d25444f28558d53ec0beabe7c94b047862209fb95b814aad12ffdd13f56158cff176000f33697cbd4cffa380000000049454e44ae426082
fdecad49-aa14-449f-8569-25a91fea63df	\\x89504e470d0a1a0a0000000d494844520000006400000064080600000070e2955400000ea34944415478daed9c795893471ec75ff044ebea4a5b05efa35aeb411f6dabd6d6d5b53e16775d745ddb6da5adadadcab5a2ae552b9e68eb7a844002c8110163041441402e01e512e526dc680e4808492009011202086667262406410d016c7d9ef9e3fbbcc9e49dc99bf9ccef37bfdfbcf38650abd504d61f47b81330102c0c0403c1c24030102c0c0403c1c2403010dc0918081606828160612018081606828160612018081606828581602058180806f23a6bf7b5d46f083bf76ac28ec2dde0154d4a64564fc4407e27d1ee152f201c3dd9aeb10fd67e77396e2fe1e0ce2176532b3fbd709dc197350fc1405eb1f6dd48ff92b0f7e06adfd735b7981c88c8d84c385038843d85f3fde544e783373336f967942c64d7cb876120832c815c614a387ab05d221fd8e89767718563e6bb5e49201c3cd9c89dd9bb7321a47927ae244632399618c8208a74276f29614fe53c608bfff4bc730af87566c89a1c3c38842385fdb947c4c55a0013031924adf508f7259cdc59869c7bfc56963584423852d921b995333190c11a95c025d906261cd02ffb3a20e1d0915b997f7bf6dc0a916cf8fc93c0a53979b1fe1b96fe15063208f24c2d5d0ca32cfd324a72ee5208aa10b8acdeeafc444f748296f22fbf98d318c8a0588907c737bd74a17e994f7ab1d58b22ac1331f7d7118eeeec8dfe3127319001d6dc938c44abd35762fb5aef049c579c28ac5df464270c642013c5fba5f388ff501f1a53f7fbc0dbfb094732db27a378210632906e6ba707cf252a73833175679fa427123ba8fc2a59e3500c648074e472fa0ee217af1c63ea72a44d43899fdc6ae69fbe1c8b810ca0e68179e4dd1341c9f2965693bed6dd0f13483b2af7ca83ca3918c8000966e670b9e4014738c698faa6602e31dfef5788810c90ce24e4ae828b8bc6d6770a4efd1186d0c602c5109ed1225746dc26bf58a3933d9e543194707463af268507612003a091ce9ee5a1b98f66f4a78dd56ee101300c163428876020fd50514dbdd950472abb442019d99f764a85d2117029662bedb60b06d20f259657bf39c4d1835d0d42586d590388b6f872459f47fae25f83a32014894265828118a9bb0ff9e34dc084acbf7eb5e83423f60bffb83eaf55ddade48f8740b6d3939c301023c50120608494c1aa1d0bdf67b0056361083c6a37b5d298f6a61c0ec824ecc95c0ca41f3275a0707e8bcf5b0d5fef094bfb8ad845ae86b772bd538b16f7dd0556bd0597f0a1fbcae7d58dc2408cd02a7244c07497800cf8fa338f1bbee3f7f9163b04a7fc680ae61663dafb2532d3066ea6201ca89c45a7afc64617712c30903e28972b1e03efb3c79756bf0d47f6a443b42cd4514e54964368ea3663da8441c285c4bc4fa6b9d032219815e7c318c246a5290662e816a1f0b42f2100789fe30bbf5834a1076757cc22f67a9555082423fad3f63d76ed9fa61c094a876082b3cb67612006eae4cdfb363bafdedd21553e0d5bf7dd48fb72da617ae640b4ef7c3d652be1e0c5b6bf9ef20d06d20f1d8abc67e3129bbd6e20da82ae6cfa317aaa6d40dc210ca41f0acbad98115951f5b63175cb4016ef76277fe9565aa2cbbffd124ece04010461e7c975bf9bf72106d20f65b2eac7b2c5cd7dda62ba9a1c1e40d8c130da03ed865cf41b3dca36f0f601ffac92b905d5e2d118c82bd68a73d7826108bce77aead69786bd0fb8c231e105ec29f97cf12863be8c59536f165ec09a9209a28857fd439fb435993c696b3679d2aee8559dad7270549a0ccaf7ab24433b553283b796bee7ca4880d9bf6b4c56aff310115b5a3561f6b1a054cdc662604a409b7ca2cff6e5a26c03e30ea04dc9a8be3b772608eb6e14b0a60e1680c772ee6869aa2b4d1eb25e25f67d5f2df49aab1679bd0b34af5709a9b3d5b2d00d4dfa6da8240f472b324e85caaefda34942fbf0491dd2075d47bdf7fe4b9e48aeae5335261d8a6913e677db6cdd9cf4738ac86b8e5ae43d57dd10b3b3c2d0eb5fef1945812e6bd46ecfcaf8924713ba01b13848cb41cb033b497c621789878ea0638f46dd3768f785db9d82a5c827c27a5aed72e38ddaeb5d3218305a0405e6cd3ed3d5b56e93d57c92a5ba863c49dde03645dd747eaa5a7ea177a1cfbce06d6e4d1b6d9cb89522f769a08d49a80d016843085e8bc8dd258447f7496a819ba5ba966ca91683f78a427f676d3bb2c86d55b00df8795df006795f7e877f66c97b63f75d2c269cbc59bfc665afd101190f0b41070eb12773df00c4e06b0866f41ecf32431a36ffd9bb90d849e641a8639cbdca87c1075f401ba676eedc9a86817ff045c658d35e43021d79c1522d09fca4a38d49b76de0dd794f529bbc442a485ca62f5997c435b12b153599e8a653676ba389983215c1e05d801d0d60de7589513dbab5b2851db74cf9287aa5562a76c2929692101be9f57fca6b0038783e04d4d1c843db4be5b10e0502d04e0d002209ff5a68d40efce4fce5f0d18713b1596b11904907fd73341d48aefe393c7dcb94c39732d1287770e3f8a7955bbda8b12b5915ef205707ce9f70c03fef70e4039ba1f61e08c808470a7b309e44aaf3b352c3ce81a352c1bc6cdbd7fa6da2c20970e42318a08de6b4e31186d4abbff4d113fe058da5a81ec52d1b28205055f58dc33e2585d3bdd28bac7440a0521ed6fcf918986c342ecc8df7ae6b50c20b2728b80b1cd6b573abde1f7e6f4b7695e80d14d681b2914e1496d642048d2da697324a16046696ce0bcea99c6550ac9fff681ae56ee18750391c896ec3802460e9131d10307a8d010247b916889219f883419619b6590add1b02c249b21a48205ad1b3cae73c05023af54e05cf1cde214393f3ce0b7cb8932f85c51bd75be514167f1cb18b528dce73a072c48dcda6f9d5c2d1a8ee3340c20a59535079d713495c89fca5bbfb261ea26521b8e07cc72bb93bb4e5529f055dae068ceeccf36e7dfdd1ed626637208a1cea7143ea494150a005d2ca4d1e1420dd5c160442bb57b200162e3d73f5a6e6e95472f57a6a24a5b78a9f9123fc611d5877e1a960b45bef467ee55454ef1920b74a381335e524de1030c7f0654d2f75658bcf04dfd45c17b9fac8cd429d2534447fc717814e81ee434499a56e4c3b4557024b692961d82a8be81a15039586dab4d7159bbfd6403c53981fc0c2e822b685c64ae05ce2c1e13eb3251f3eb482c25cf83988b0e04aa8c6e4cae6f4e6b2624ab913b4a086837243802cf95f48b816c8d1e86cdd83331d20af688ddbc5829d8a221f748491ce243451a3a887a4899ae05c2163ac6d5556ded0016d1317be3e402ea616bdaffd60c6315a2a9c476047ee0e4de9761f605b50e25ed4f1e0738bc3be0fb4e58cacf2770607c8fd1e4f32b583b94091e379bc21dea9401ab59d258bd95121bb05146b5f208bdece12f9bdaf098ba12813d5ed0521d608485d110062f99a004963ea805c4c295b0c232d68056fe8e514701785a9d67ac01c732e29f7631d90ec5707e4e5d97bb3493de373654d171469f03a1502595f3eeef5b1103d205063f77917a36411740a35a508b9b3a331f7ad35d641e28f74a694eb9fcfc82e33088821f9497f814035261d481490272320b2b08d28536f973c0324cf4797e8b5b0e29635e65e74569447ac69a9885aa9df56c3f54df29e40ec4b7440226cf98300a4a81b1017743fd81d454dcbce8584c2b2c9da3c057494d333b7349f6721e14cd6647d20865cd807030044717bdf3d98c9230be95a3a8113bd0e08f8ac25dfe7a0f6fcd6aab439324f4b753d75b25a489aac965cffbb52e71982d7236b43612f2b7e8926c0d8ce127465ea1290b50f3a10e49ee03f1b002b3173a2b2aca937bd74cb2ca0a378cf247ecf0302f31bcdf20a089141fdd0bc872fddaab9f4dcb5501d90c8bc3e3f44d32e624e90d29677f260ce42822378335adae868128c107645697c30f94b2fafece8903ed42d8876aae426b501d65281bb250a101a6e6c963797066fa9f59801205aa040a195770f5d7f53ead1180808c215fb2c52b7f1320c7e0ce1c9e316930e856858a7aac1b4fb5ad601bf3c2d10ef54668fad2edb2edfde8b2040d705cfeb82b1d1e7d6d99e997bb92eca1a0e32757dd7b4c13b8aa4b536682d8b4e3162579cbf16fc11b0047d2d3b1b12b6fc5c68a8661947e32e8fde2cd20069950d95065bab24412b3a25a0237b9394fe978efa808f3b6b60a7bb69ac400a2ca29d97aeebacc678c7122d14d899b0932557d6b44a43ac55f5e1dfb26a697f556a3b1a5a85886c01e059a0b6648cd51dba88afa966449df75c14d1d5923496081723a5f455edcfbbbefaa04f3ae4a1d6aa0e79955963cae144e83215391e679a32cfd01aef1e8e21b4f906d4d984dc553dfe820274eab8fdbe859ace84891a993bcad9bb9cd34b72e703e620749e9d662f5395de964ca8dfe27356a367bc51c2072ccfd18d4d3891583d84426acdea8106085313b62a456874c3ce82febf370974af35a1afe49a8dbc9997d1c3229b528f47882fce03e758a29059881613c148f79804f21b4de78a6139e8e86a08069c07d7b47aac3c37f2cce4710e25b55e73356db84fd6bb869e8203a50e7c07acab6406fda02c0cb29544ef2a1051a6032bfea68a08c9a998e9935e64051f012e174987f7665e302afa352667edcee03b3b5c63b3d63eef5161b6a461984f5ab1956f46f1c2a0fb65739fbb19b9563a22a1bceaad78a6c022a1506891c0144ed42a1108bab8d9276989bd25862de5e16b94c58c2d2d25a136cf9382c9d8d2c6ba69d35e5ff1c27b339d2d525315276199b2f0929db28066878e408a429a5d4be9351b6555b255fd9d3dd962b729c89aea2e2def54f1eff5ea6e1fb7484c3b6ab366a82a22c0f55d7deef569af1dd591b1463f969499b7d7958d6bafc99ada2e2935ffc3de5d9befca8823ec48c872f785657ef57b5e4b6bda697a6dd7c81703eb91a51d8d500fd20daf57f283a42038882fad7a3ba9a2facde40a9ef953559b27573ed5dd87bcf1d1a555136c03920e103bdcf928080039cfb5fc87d37eef01a2280cfca121723bab21eac70a49e846797b6dfe84d71608dc3e091720b5734b37a13947ef7d5780818e00465f778fe3bff83340a9604e30dbed5569e6e0ce19e9e4c17a9146efa6562e70a5277c4b4f74be55c8998cff73110b03c1c24030102c0c0403c1c24030102c0c0403c1c240b030100c040b03c140b030100c040b03c140b030102c0c0403c1c2403010acfee8ff8c67e5506c02f4df0000000049454e44ae426082
fb3a2c43-15d7-4720-af80-6f2fd0d598ae	\\x89504e470d0a1a0a0000000d494844520000006400000064080600000070e295540000012a4944415478daeddab10dc2301005d0a4658cb00f6c81944158295350300f4df29118e0ae30503c2bbf3b9d2d3fa5f24dfb63da1b59a6c24add9c6cc59eaf646df4bd37cefbae9d8bbdd7cf592a7db76adff60202040810204080000102040810204080000102040810204080000102040810204080000102040810204080000102040810204080000102040810204080000102040890ef81a406c8bffd21a93b25d7e4520990f120e7ce1d03190fb200010204081020408000010204081020408000010204081020408078a002e209d7908321076340408000010204081020408000010204081020408000010204081020408000010204081020408000010224077966837a800c07b965837a800c07c9d7081020408000010204081020408000010204081020bf023900a4bdbeae60c8a3b50000000049454e44ae426082
e28fc887-293a-42b6-9765-48f832442712	\\x89504e470d0a1a0a0000000d494844520000006400000064080600000070e29554000011794944415478daed9d0b7853659ac7bbbbee33ceae8fcfb3ebecb8e3acab8072eb94d2d20ba5b7a449532eab83cec8322a3a82521168a1a597a4496f49da022ad78228501c60803a8332c3088a88b220838328234a699b34492f48d34bee272797befb7e270d6de8855e9293b4e47d9eff73dae4a4f9bef777def7fdbe2f5f4e43428216b4a0052d68410b5ad08216b4a0052d684163cbaaced063aecd87be308f4f18e9550ee6f8d9b7f4c3cb76db8be66f747cc62beffa281045da46daf8f9f7e649bddb3e2e6cff593b735cb4d59128a8707c1d5fea84d8222770e44ee09507a648db481b495b53d73bbe5bb8c9c1257d58baab637c4079b6d29e1b5de8047e79e0421848a4cda4ed4fbc61918e0b18cf6ca17223c576e057d8b1836353a4ed9162073cf5865d0aa019bb30f69d363d304b62b7a7ad1fbb30dc227d88c00b6bd309db836316c8d39b1d5f24cb1c631e865b1cb903e66d7428c6200a087975b725254ce818d3a9aabfd41581a9eb851df482318764ee06db55c1faf103c32d0142495d6f538d29184b7799cb49211f6f30dc8a29b4010ee3df0a7810d23fd221cf54c23d91629b7e3c468767817718857b3a7fb4703f0436945555b6edc9b2f10bc32dd2c7a5efd0070316c4ee33d610f90774d4f45c2b4ea66cc02b1bdf227d0ccdb743f6413ba7f25480add16d785fcf1c53cbe9737c720595d9ee0a092a6c64e47589f4bdfc4fd6c082f2f649dd3ca690df2530dc9a29b4c2b68fadcf06d4f2f4b653f4bdb30aac2dbc32faae03425257b890ea28fa83ed5f48da0e8ca5f53d544eb20c1bc700b9fb942cb5c12bbb697940c0b0d0d60749d8f2cbee6e111ffc5d434ff01b88a3574ccc915f4eef4b960681706434c910d57efd64f4c05f4d8fc715d280a3abbb1e08f1418cc40a3b3ea667fb67f910b4ff145b44b773e541183da221b2c0aa03a0ef651dc8ea2acb137145d6aed4f220889e28b102fa0496bd4d2d661d08576ea7f8655410c4ed2aa720516aef02f8fa1ed660a495db77cf290a3a7f2011df602a7f8f15185fd6daff3db690a20515fe4b0b02145786e9a1d80a51620af33605d15850e34b5ce790e753fd0884f8067d643b75c9fc339f81f8f0623b735cbcddfe69620949551656c523925b203cdf0293b3cd90564141fa1e2b48aa6946c2c3343c5b6973c41551f0789699b94a7965ecb7d3ada4520b3cb5c97291f8acfaa28f66f08bb759b99122135ea5ec756cde7a0ac2f22c102db6c2d613565069bba0d38c297a00a3317d6b0d5df065bd1332f651f048260529320bb6995d38c44731d8e6253bec4ffbee63d90afaba80a58e092a2c40aef6089105369fb0c1484dab77c073db19a85dfc32b6a150a4c837f904c6dafdf4ba7021c55a47a6e79a6149a5159c4ef08a5d6fb6c1843514d61e76a1cc2ab0c2d277ec655efd589618fee10e4105c54264609ac930c3c1f3f6411d4c92d6f5161b9cfd9e864fbfb5c097751434b50f4ecf6aeb82f99802a3c4eca5b0348cf468096d203e141fa1fec12b505e7e9b3ac091b2d3f8d05c0b1cfd5bff30cc74179c41e72fadbc09616bd4f0f07235fcfc65d52d3dfaaa1a120b9aa0f0b00eea5a064e738bb6d2cea4520a4762ec444972a9195eda69fe60d420c822d986e3d6886939142b85fcd14c33ecfdac7f189f5da5e0bf97ab20725d23248a9b2159d2bf92c873e22678245d05734b5b068432a7d004ae4551760a7c688e1984476c7346fcf586d7ff62638e18e227f8720c6f1c72fa52645e91f9aea55fe7655569190773d1e11ce278f19d9552d80cd1394d3075b5063efa86eab7d8ff629d1ee66fa07dde372232189abb9e3ad3bb0c0cdbd6ff997e6e96c8cc42632d3071adb9cf70d68125818b577bd81a8d2b02c4c317afa819fe6d89128e9c33f68172f482012666e881197db10085f8b2b09ace1cd1671d47ce39ee8d14995bf87202c4b70acf33c27b17fa5ec519bbb5303b4f031c84923c0a71258d30e935155c52f4ad2b734b9b7ad28b8ffb2928374384d0d2fac609fac7c3fecc644595253da9c4e4f346a661233952731f47557daa676ac69d9ccd91f468f0739b99c2af337b8ec4ce7e47c18c354a48959bba23c5b7fd257d5dbedb2a1e3208b29d456774de1f2df63d0ca21889095effb3d5c3494ecc5ca1991a482d6e1ed4c9b3f31a9974461491a561eac660e7cf1136c2c6633a8ff732589c3069851aa350c34a941045e41be1eb0678e88eb5a4bafa3be6c82b3357a7c8ccac346e42a611ae6aecb74587c1553706716e2cc220c55ed56a03e54d1b7c7ed5025356a9ef18298faf548389f2ac55ebf6b5c24c049a54a071b5cbc760886f7972cb07bdd70807b48f2f591f2643423660f0642688c508714df37a8c38352ebf7150c746e76aa0f050fbadd7d4b6d0307185ea8e40c8397b4feb3ddeefb2d206d333d4ccf349056a6c9bc9e75048063a708e9a7ec79435afc2f44d22533b7c2f4ea9095edce999ae5a3aec4cae278538593cb00810c9a1b67e800cfebac4824658f4facd3e352b6a5dcf6b5d50dccef34ddf497dc67950cda0302a3fa11f9825329a53cbd801928c40a4efd31e8ef9bbca0a8fbdaab8e51c0e8ae4feb87c0da6290d24885c8f8d14484a6123c48b9afa4e14851a8f8ba027527c0385f8187d4dc98f51037f45eeb91db6c9b16293832d2009452638f637cf0839f6a519af56f52dc7c461ad7871eb0fb062572bac7e470bbfdad0c240192910e2f4e81c751f20fc627caed0f3dca40215b6d3e813286454175f6472fe7ab365ca8040f084f0b472232b3088128b4d70f21bcf083972de0851391a260a88f31ec519fa17353d73947d381c9e95ad8298018090d730afed254e2fa5e0f391d98d7d80084a5cd1c3b9edfc6491b2bbd07b1f0a576a8227365a660c0864d116d3d4d912935350664082be17c9a307ce7a2e977c720567b4d94a742449211a98905e0fe7aef59c5375da0564766e03487eafed05c486c3d77a74b86bb4f45445333cdd2d417113f31819daa61462eacbed1b21bca246e6b5e49cdb952c6ac0f6ea9934e3cdfe2797189dbfda64993a20902d1fd97e1225325ad802c2293580f0f7260fc75c6ba2e191e50a06861bc8f96100e1e1553e638d0aec8e9e919bf4bd0e08cb6c609ccb2b74e9769b9da71e10881b8acb2f46aff49dfc2d52434a3fa0fff30e3b4a4cdf1347b101842b35c0339b3d6b489bc1c10049918c2c420890f0b52a30523d33f2e223ed30a31b48bc4803af54fee0b9ac6fedc2d73430ef3710909e48412065a387c29319712e62d50c614111c2482a6103085178ae0e1de2b99cb1f8cd16ac112a266d4d4c57c0c55a6a5440f27ed70633d7ba80fcd7b27a3875c573ddecc3cb1608cd500e0ac3dbe92b4e6280eda7ad0943da59c297193e4c65296d4dc8d0c3f91acfc24e52545826a9236a66382a3ad0360c206a08c79445964488fda073c0e3af29805f441caa6640df6e64e41693a3629e1f8a48a177b5df38e274c597e93fedbd697dd08f6ccfd4c04333f374ac0041f890f53b531f27258a548c130994c9e8d0ca139dcce37b8701c4e6008c0c1524e39c822b713d7eea8ae742e64d04f6683a4991ea210371416970f5619891224045e475c2fe73b629bf3c3c8c6ff0aed86b2d4c2ef13d90b47203c4888de0707a2e9f7cabb6c2434b6b995a928a601e43671f3c6b80c3e70c1099353810028c0c839f9437416cf7951f97a7c2f94d03d8ec9eef73e8fff0fd731a8605c333528697be487d5efa0ebd75584bef6463d7b693f4bf627ed71287f91a4ab4c8003907e93e51f2fe5f4d10ba5ac18c8ac8151eba5a89205c0e8ebd0d485d3710721e17cf7f1407039c0297e3f8f87b2816f5fe2c2ca38189a09100e981621c52fa22be8c14ea3b8a8edaef1bd147b979876d6b670975ac44c9d42c1db4747675ddbe056ef3713dfceca55a985b426a00493f0804958429ede9f54df0f6c73a78f78c1e4a0eb7e1954eea8eeb79722ef9999c47224dd3d6f7b3fa82035a4c694ad7f9a3927248e92b4aa4838c77a9917df5cdfd35dfb9659de705657a16a018b1d819c1d9d57757e2f14b26ac23f59872305a242e2770c50d90206c601e7f2cbd0eeb03794ed3fd9c0bc8f4550a5820d580a56ff041539b037efae275482bd67801085e2822852b7d0d102969e57ad2c7cbdddb8146bef344fc073a7e5a562716238c14996f9550a883e7b71906dc22ba6cfb4df88f176b99fa31a073308d4c431013d36b31e51907dda7b572d70d98ba4ae91520b7a0c8ba2fde5efd22be0bcbc1e8d86fe37b655fd6f39596939c52bdcf81a4e1151625d2c38add033bb21153cfd10b465886933b52f023707e11b196d41635464323141c6c870bd7290438b41d8da5d55a988eb5894746595e81a204be54c744bbbb5fc477cf6c365df00a0c7778458b3a4d692c44491aa64752b75ea834f499300eb68b7168db496970f673f2f21d2dcce02145ec2d28f508a5934961a43fb1057a6b41e9c57be2f77af14635cbf7d0b22861bbcf81b8c5931a61ca1a2d5c558f7ca3756f2323b207965c8737ffd4d1eff3b9efb6c29415754c6de2147843aef4152dea80df6c3356f6fe88dc6bc6971b6eb011253db9d700d3d6b4c2c2320d9386466264421999dd00e199f5389f51c3241c00e4ef6fedf7dc922398be56e1d55da8f21a144e89ce77f7965db4d5bc304ac84e81bf250c7b81ac1d1ec41111994deff944076aad1d3a4c4e26a5910dd4a45e507834504e6647e2570a2b6455e1158f23b0d0d5385994f43889fc3c192361cbf1fe23e5951d3760468662d430b8a8c86c25fc52ae79c9a7370a78ea0dfd57489d3d2032d73c4820eb80f8bc5a9c716347d72a60f24a25fc2253c9cc3de2f370488c9d2723a6692bc9cf0a9893a7649637fa7516a6a51919f53800681d100a995b8c06483cbe7f4a8152e3f31b099cba6afff96c71a7334d8e454bc6a23052f8d2367432c9f3a400bb948c8e23e28a95b71ee392547107a548943061792d8eb2dafaecd322c0b80c10c58844fe7654563d1cff1626b2f2c5cfb972edd124264afc032549583b6267f5164fe28aa80defbbb613e9cd4e9cbfd4417cfee8fe6e42be92e82f2cdec501fe39a9a8031dd4e927281d5e8342222b146bc6cb953798bc9f20540e29c2065354761d5cb9617f80d51b07bcb6c7f89b84c28e2e81dfa0b8d29737a09014139b53df33321a85e272ebe1f94dcde97eb8d709fc283cb7cd289093b9893fd4097c3c7a2b52bc126d5877a6aeac33b7e9e13ebfdc80a6f213e79c7889961996fa030a894e267d792952462b32fa93bed7b6d02f30dc5f864787fc31852c13f8090a19edf14bb57e879224529061f969f76d0ffd626489fe4a3d3d015397df80b82325d58ba3af9168caca3a387a19c202e2367f2fbfa5af4829f13f14a6a63091a264373a840af8ed96e69d010183fc4ba392638efb2272b5ed023f027141c1a178e94de0086b582ce4f510baea9a7ef5eee6fbf79c0aa07f20b6f9a47d51b4d055e0fd2a8c1401a62f4efe3574569dcf3533b386ac242f0b0924737f859a2fedfc7a6e597b4040492d6d05aea8d6a730f8923a4c574a664d7dc1de00bb293f09d7fc6a47f28c9c008892eef44522c557505250d35ebb0ebfdddabcc07dabf580b4656f19aab958e08933fc2e19d614a9d627e92b21af16166d501f0b09642337579999a5b9273abfd53c4f1e2850305a08142cf45cb252ec05f1c47510b1a6862a3d74e3fe90908921016f4b765ab744e56b030348371452539848f10290595975f0a454b53f642c59aa5ca74a93b5051414a6a63091523f621829181d1c91827c6bf41fc7149025db3a9e8c11b6429a54cba48c80105e20fc921fbad357edb09552500be119d7e07f37aa9e0d198bf6e446ddf7dce20002d20d2555ea4e5fc30392947f1d1285f5ed2163d5f67c6e7b2846a8ed9a2b0b3428ed2e28c3881452c867adad85d2236d93c62c10ccb3210b37b46f8ac5d4155040dce9ab14d357fed0a04465d5c09cdcba2ad2a7316f0b2adade9c2dc27a126891226deb99a70c523762b26be0d7eb9b76858c0773ff0ff2ffa9e85c3c5fdeaa4d2e6a8504712ba494b402af44eb7f95b6414af10d26529285b58c12f2ae435c4e0d239eb85e9b2452bc40fa10d033f2e15ac18156e65871541ffbc24ee3ae0515ba0b4f946b2f058ae6491bbf4a2bac6734bf587179d146cdaeec03fa94de6d1f779653a51db3111eb4a0052d68410b5ad08216b4b16cff0fe157c1c8c105c9210000000049454e44ae426082
\.


--
-- Data for Name: data_source_product_jars; Type: TABLE DATA; Schema: public; Owner: -
--

COPY data_source_product_jars (data_source_product_id, name, content) FROM stdin;
\.


--
-- Data for Name: data_source_product_properties; Type: TABLE DATA; Schema: public; Owner: -
--

COPY data_source_product_properties (data_source_product_property_id, data_source_product_id, name, type, order_index) FROM stdin;
06e8539b-4209-4b78-a487-314d476dadac	a061939d-9fd2-4e22-9ef7-16f314077715	host	text	1
3357f9d1-f7e5-4a5e-8bb6-a2bdb0b8d51a	a061939d-9fd2-4e22-9ef7-16f314077715	port	text	2
98f1ceb0-a752-43a5-a0eb-11a396eed53d	a061939d-9fd2-4e22-9ef7-16f314077715	database	text	3
411d57f5-e8ff-45af-a283-9e1208527ed0	a061939d-9fd2-4e22-9ef7-16f314077715	schema	text	4
77bf858c-9bf5-4dff-9d41-f7e2edd61179	a061939d-9fd2-4e22-9ef7-16f314077715	username	text	5
ab1977d0-4b2d-4c00-b31a-35e67c93423c	a061939d-9fd2-4e22-9ef7-16f314077715	password	password	6
7ca20963-5806-4467-9464-c1c24214e9dc	fb3a2c43-15d7-4720-af80-6f2fd0d598ae	host	text	1
3fb54174-e207-4768-8464-c8606b335004	fb3a2c43-15d7-4720-af80-6f2fd0d598ae	port	text	2
af0987c6-7251-447d-9abe-11e800181932	fb3a2c43-15d7-4720-af80-6f2fd0d598ae	database	text	3
b9636bb6-3035-4cba-adf4-b536aa67f904	fb3a2c43-15d7-4720-af80-6f2fd0d598ae	username	text	4
d611a83c-3ef1-4d26-8738-487e7e53b6d5	fb3a2c43-15d7-4720-af80-6f2fd0d598ae	password	password	5
eb6584a6-ac20-4aa3-ba14-41febd94494a	fdecad49-aa14-449f-8569-25a91fea63df	host	text	1
ed681e72-b2ef-4bf8-9dfa-ee6b7b54ebd0	fdecad49-aa14-449f-8569-25a91fea63df	port	text	2
91eef50e-1122-4170-b493-786cd2f04eca	fdecad49-aa14-449f-8569-25a91fea63df	database	text	3
3f0a56a3-c350-4084-a29b-caa1a4938383	fdecad49-aa14-449f-8569-25a91fea63df	protocol	text	4
123cd154-debc-4ea6-bbaa-f26936410d1c	fdecad49-aa14-449f-8569-25a91fea63df	username	text	5
9ee2e888-b0af-4206-9264-a1b136816bcb	fdecad49-aa14-449f-8569-25a91fea63df	password	password	6
5093864a-ef5c-4736-8380-13f1ee45697d	2833e1f1-fd34-4748-b7d3-afa3be75dd7c	host	text	1
58690524-c85e-49ea-914d-cec6d97c167b	2833e1f1-fd34-4748-b7d3-afa3be75dd7c	port	text	2
ae17fe66-5cc4-4737-bb17-f3c6c60f7e40	2833e1f1-fd34-4748-b7d3-afa3be75dd7c	database	text	3
938771e8-cf2c-44c0-abe2-b3926e32b1ec	2833e1f1-fd34-4748-b7d3-afa3be75dd7c	schema	text	4
fe2c8162-5e0a-45ff-93cb-98043ca27127	2833e1f1-fd34-4748-b7d3-afa3be75dd7c	username	text	5
b412e5b4-2da5-4ccf-8425-026832bec7ea	2833e1f1-fd34-4748-b7d3-afa3be75dd7c	password	password	6
\.


--
-- Data for Name: data_source_products; Type: TABLE DATA; Schema: public; Owner: -
--

COPY data_source_products (is_bundled, product_root, class_name, data_source_product_id, name, description, type) FROM stdin;
t	bigquery	com.simba.googlebigquery.jdbc42.Driver	e28fc887-293a-42b6-9765-48f832442712	Google BigQuery	\N	jdbc
t	postgresql	\N	a061939d-9fd2-4e22-9ef7-16f314077715	PostgreSQL	\N	postgresql
t	mysql	mariadb-java-client-2.2.3.jar	fdecad49-aa14-449f-8569-25a91fea63df	MariaDB/MySQL	\N	mysql
t	clickhouse	ru.yandex.clickhouse.ClickHouseDriver	fb3a2c43-15d7-4720-af80-6f2fd0d598ae	ClickHouse	\N	clickhouse
t	hana	com.sap.db.jdbc.Driver	2833e1f1-fd34-4748-b7d3-afa3be75dd7c	SAP Hana	\N	hana
\.


--
-- Data for Name: data_sources; Type: TABLE DATA; Schema: public; Owner: -
--

COPY data_sources (name, description, properties, catalog_id, data_source_product_id, data_source_id) FROM stdin;
\.


--
-- Data for Name: key_constraints; Type: TABLE DATA; Schema: public; Owner: -
--

COPY key_constraints (key_constraint_id, child_col_list_id, child_tbl_id, parent_col_list_id, parent_tbl_id, name, typ) FROM stdin;
\.


--
-- Name: key_constraints_key_constraint_id_seq; Type: SEQUENCE SET; Schema: public; Owner: -
--

SELECT pg_catalog.setval('key_constraints_key_constraint_id_seq', 1, false);


--
-- Data for Name: play_evolutions; Type: TABLE DATA; Schema: public; Owner: -
--

COPY play_evolutions (id, hash, applied_at, apply_script, revert_script, state, last_problem) FROM stdin;
1	5f6ae5e9ca4246a529a9e5b677681b45326ab819	2019-01-09 15:06:14.007	CREATE TABLE IF NOT EXISTS catalogs(\ncatalog_id serial PRIMARY KEY,\n\nname VARCHAR NOT NULL,\ndisplay_name VARCHAR,\ndescription VARCHAR\n);\n\nCREATE TABLE IF NOT EXISTS schemas(\nschema_id serial PRIMARY KEY,\ncatalog_id integer REFERENCES catalogs NOT NULL,\n\nname VARCHAR NOT NULL,\ndisplay_name VARCHAR,\ndescription VARCHAR,\npsl VARCHAR,\nvalid boolean\n);\n\nCREATE TABLE IF NOT EXISTS schema_usages(\nparent_id integer REFERENCES schemas(schema_id) NOT NULL,\nchild_id integer REFERENCES schemas(schema_id) NOT NULL\n);\n\nCREATE TABLE IF NOT EXISTS data_sources(\ndata_source_id serial PRIMARY KEY,\ncatalog_id integer REFERENCES catalogs NOT NULL,\n\nname VARCHAR NOT NULL,\ndisplay_name VARCHAR,\ndescription VARCHAR,\ntyp VARCHAR NOT NULL,\nlocation_uri VARCHAR,\nparams VARCHAR NOT NULL,\n\nUNIQUE (catalog_id, name)\n);\n\nCREATE TABLE IF NOT EXISTS data_source_links(\nschema_id integer REFERENCES schemas NOT NULL,\ndata_source_id integer REFERENCES data_sources NOT NULL,\n\nPRIMARY KEY (schema_id, data_source_id)\n);\n\n-- tbls not tables to avoid naming conflict when loading with calcite\nCREATE TABLE IF NOT EXISTS tbls(\ntbl_id serial PRIMARY KEY,\ndata_source_id integer REFERENCES data_sources NOT NULL,\n\nname VARCHAR NOT NULL,\ndisplay_name VARCHAR,\ndescription VARCHAR,\nparams VARCHAR NOT NULL\n);\n\n-- cols not columns to avoid naming conflict when loading with calcite\nCREATE TABLE IF NOT EXISTS cols(\ntbl_col_id serial PRIMARY KEY,\ntbl_id integer REFERENCES tbls NOT NULL,\n\nname VARCHAR NOT NULL,\ndisplay_name VARCHAR,\ndescription VARCHAR,\ntyp VARCHAR NOT NULL\n);\n\nCREATE TABLE IF NOT EXISTS constraint_col_lists(\ncol_list_id serial PRIMARY KEY\n);\n\nCREATE TABLE IF NOT EXISTS key_constraints(\nkey_constraint_id serial PRIMARY KEY,\nchild_col_list_id integer REFERENCES constraint_col_lists(col_list_id) NOT NULL,\nchild_tbl_id integer REFERENCES tbls(tbl_id) NOT NULL,\nparent_col_list_id integer REFERENCES constraint_col_lists(col_list_id) NOT NULL,\nparent_tbl_id integer REFERENCES tbls(tbl_id) NOT NULL,\n\nname VARCHAR NOT NULL,\ntyp VARCHAR NOT NULL\n);\n\nCREATE TABLE IF NOT EXISTS constraint_cols(\ncol_id serial PRIMARY KEY,\ncol_list_id integer REFERENCES constraint_col_lists NOT NULL,\n\nname VARCHAR NOT NULL,\nidx integer NOT NULL\n);		applied	
2	a1c6e5274acc865b1bf177c9cf3a2adb3fa52c0d	2019-01-09 15:06:14.435	CREATE TABLE IF NOT EXISTS saved_queries(\nsaved_query_id serial PRIMARY KEY,\ncatalog_id integer REFERENCES catalogs NOT NULL,\nschema_name VARCHAR NOT NULL,\nname VARCHAR NOT NULL,\nquery_type VARCHAR NOT NULL,\noptions VARCHAR NOT NULL,\n\nUNIQUE (catalog_id, name)\n);		applied	
3	3d200c405b80672cfc0c89905769f167489de32f	2019-01-09 15:06:14.502	UPDATE schemas\nSET psl =\nCASE WHEN psl IS NULL THEN 'schema ' || name\nELSE psl\nEND;\n\nALTER TABLE schemas ALTER COLUMN psl SET NOT NULL;		applied	
4	08b2356a5266a871db42ff260ff6fab88502faa7	2019-01-09 15:06:14.527	create table if not exists jdbc_products(\njdbc_product_id serial primary key,\nname varchar not null unique,\nis_bundled boolean not null default 'false',\nproduct_root varchar not null,\nclass_name varchar\n);\nalter table jdbc_products add unique (product_root);\nalter sequence jdbc_products_jdbc_product_id_seq restart with 100;\ninsert into jdbc_products values (1, 'PostgreSQL', 'true', 'postgresql', null);\ninsert into jdbc_products values (2, 'MariaDB/MySQL', 'true', 'mysql', 'mariadb-java-client-2.2.3.jar');\ninsert into jdbc_products values (3, 'ClickHouse', 'true', 'clickhouse', 'ru.yandex.clickhouse.ClickHouseDriver');\ninsert into jdbc_products values (4, 'Google BigQuery', 'true', 'bigquery', 'com.simba.googlebigquery.jdbc42.Driver');\nalter table data_sources add column jdbc_product_id integer references jdbc_products;		applied	
5	17657bf655beeeee1cadddda92e0957384ead78d	2019-01-09 15:06:14.636	CREATE TABLE IF NOT EXISTS query_history(\nquery_history_id UUID PRIMARY KEY,\nquery_type VARCHAR NOT NULL,\nstarted_at TIMESTAMP NOT NULL,\nquery_description VARCHAR NOT NULL,\ncatalog_id  INTEGER NOT NULL,\ncompletion_status VARCHAR,\ncompleted_at TIMESTAMP,\nplan VARCHAR,\nbackend_logical_plan VARCHAR,\nbackend_physical_plan VARCHAR\n);		applied	
6	6575da67771f80493798256178123db226799459	2019-01-09 15:06:14.681	create table if not exists backend_configs(\nbackend_config_id serial primary key,\ncatalog_id integer REFERENCES catalogs NOT NULL,\ndisplay_name varchar not null,\nbackend_type varchar not null,\ndescription varchar,\nparams varchar not null\n);\n\nalter table catalogs add column backend_config_id integer references backend_configs;\nalter table schemas add column backend_config_id integer references backend_configs;		applied	
7	6ba426dfb65dd0e3714b13ef66079ce2a639b9db	2019-01-09 15:06:14.737	ALTER TABLE data_sources RENAME COLUMN typ TO type;		applied	
19	e9699cd0a129c914065afe553646c5db0da459c0	2019-01-09 15:06:16.069	insert into data_source_product_properties\nselect uuid_generate_v4(), data_source_product_id, 'url', 'text', 1\nfrom  data_source_products dsp\nwhere dsp.product_root in ('postgresql', 'mysql', 'clickhouse', 'bigquery');\n\ninsert into data_source_product_properties\nselect uuid_generate_v4(), data_source_product_id, 'username', 'text', 2\nfrom  data_source_products dsp\nwhere dsp.product_root in ('postgresql', 'mysql', 'clickhouse');\n\ninsert into data_source_product_properties\nselect uuid_generate_v4(), data_source_product_id, 'password', 'password', 3\nfrom  data_source_products dsp\nwhere dsp.product_root in ('postgresql', 'mysql', 'clickhouse');		applied	
8	ff1fc061f3ddd39c6e0fdc907290476da17c72b6	2019-01-09 15:06:14.744	--remove 'valid' field from schema\nALTER TABLE schemas DROP COLUMN valid;\n\n--this extension provides 'uuid_generate_v4()' function\nCREATE EXTENSION IF NOT EXISTS "uuid-ossp";\n\n--------Unlinking unused tables\nALTER TABLE tbls DROP CONSTRAINT tbls_data_source_id_fkey;\n\n--changing id of saved_queries\nALTER TABLE saved_queries DROP COLUMN saved_query_id;\nALTER TABLE saved_queries ADD COLUMN saved_query_id uuid;\nUPDATE saved_queries SET saved_query_id=uuid_generate_v4();\nALTER TABLE saved_queries ADD CONSTRAINT saved_queries_pkey PRIMARY KEY(saved_query_id);\n\n--------Relinking catalogs\n\n--adding uuid columns(they will replace current pks and fks)\nALTER TABLE catalogs ADD COLUMN newpk uuid;\nALTER TABLE schemas ADD COLUMN newfk uuid;\nALTER TABLE backend_configs ADD COLUMN newfk uuid;\nALTER TABLE data_sources ADD COLUMN newfk uuid;\nALTER TABLE saved_queries ADD COLUMN newfk uuid;\nALTER TABLE query_history ADD COLUMN newfk uuid;\n\n--initializing new pk of parent with random value and linking child tables\nUPDATE catalogs SET newpk  = uuid_generate_v4();\nUPDATE schemas s SET newfk = (select newpk from catalogs c where c.catalog_id = s.catalog_id);\nUPDATE backend_configs s SET newfk = (select newpk from catalogs c where c.catalog_id = s.catalog_id);\nUPDATE data_sources s SET newfk = (select newpk from catalogs c where c.catalog_id = s.catalog_id);\nUPDATE saved_queries s SET newfk = (select newpk from catalogs c where c.catalog_id = s.catalog_id);\nUPDATE query_history s SET newfk = (select newpk from catalogs c where c.catalog_id = s.catalog_id);\n\n--dropping old fk and renaming new fk in child tables\nALTER TABLE schemas DROP COLUMN catalog_id;\nALTER TABLE schemas RENAME COLUMN newfk to catalog_id;\nALTER TABLE backend_configs DROP COLUMN catalog_id;\nALTER TABLE backend_configs RENAME COLUMN newfk to catalog_id;\nALTER TABLE data_sources DROP COLUMN catalog_id;\nALTER TABLE data_sources RENAME COLUMN newfk to catalog_id;\nALTER TABLE saved_queries DROP COLUMN catalog_id;\nALTER TABLE saved_queries RENAME COLUMN newfk to catalog_id;\nALTER TABLE query_history DROP COLUMN catalog_id;\nALTER TABLE query_history RENAME COLUMN newfk to catalog_id;\n\n--dropping old pk, renaming new pk  and adding pk constraint in parent table\nALTER TABLE catalogs DROP COLUMN catalog_id;\nALTER TABLE catalogs RENAME COLUMN newpk to catalog_id;\nALTER TABLE catalogs ADD CONSTRAINT catalogs_pkey PRIMARY KEY(catalog_id);\n\n--add fk and not null constraints to all child tables\nALTER TABLE schemas ADD CONSTRAINT schemas_catalog_id_fkey FOREIGN KEY (catalog_id) REFERENCES catalogs(catalog_id);\nALTER TABLE schemas ALTER COLUMN catalog_id SET NOT NULL;\nALTER TABLE backend_configs ADD CONSTRAINT backend_configs_catalog_id_fkey FOREIGN KEY (catalog_id) REFERENCES catalogs(catalog_id);\nALTER TABLE backend_configs ALTER COLUMN catalog_id SET NOT NULL;\nALTER TABLE data_sources ADD CONSTRAINT data_sources_catalog_id_fkey FOREIGN KEY (catalog_id) REFERENCES catalogs(catalog_id);\nALTER TABLE data_sources ALTER COLUMN catalog_id SET NOT NULL;\nALTER TABLE saved_queries ADD CONSTRAINT saved_queries_catalog_id_fkey FOREIGN KEY (catalog_id) REFERENCES catalogs(catalog_id);\nALTER TABLE saved_queries ALTER COLUMN catalog_id SET NOT NULL;\nALTER TABLE query_history ADD CONSTRAINT query_history_catalog_id_fkey FOREIGN KEY (catalog_id) REFERENCES catalogs(catalog_id);\nALTER TABLE query_history ALTER COLUMN catalog_id SET NOT NULL;\n\n\n-------Relinking backend_configs\n\n--adding uuid columns(they will replace current pks and fks)\nALTER TABLE backend_configs ADD COLUMN newpk uuid;\nALTER TABLE schemas ADD COLUMN newfk uuid;\nALTER TABLE catalogs ADD COLUMN newfk uuid;\n\n--initializing new pk of parent with random value and linking child tables\nUPDATE backend_configs SET newpk = uuid_generate_v4();\nUPDATE schemas s SET newfk = (select newpk from backend_configs c where c.backend_config_id = s.backend_config_id);\nUPDATE catalogs s SET newfk = (select newpk from backend_configs c where c.backend_config_id = s.backend_config_id);\n\n--dropping old fk and renaming new fk in child tables\nALTER TABLE schemas DROP COLUMN backend_config_id;\nALTER TABLE schemas RENAME COLUMN newfk to backend_config_id;\nALTER TABLE catalogs DROP COLUMN backend_config_id;\nALTER TABLE catalogs RENAME COLUMN newfk to backend_config_id;\n\n--dropping old pk, renaming new pk  and adding pk constraint in parent table\nALTER TABLE backend_configs DROP COLUMN backend_config_id;\nALTER TABLE backend_configs RENAME COLUMN newpk to backend_config_id;\nALTER TABLE backend_configs ADD CONSTRAINT backend_configs_pkey PRIMARY KEY(backend_config_id);\n\n--add fk and not null constraints to all child tables\nALTER TABLE schemas ADD CONSTRAINT schemas_backend_config_id_fkey FOREIGN KEY (backend_config_id) REFERENCES backend_configs(backend_config_id);\nALTER TABLE catalogs ADD CONSTRAINT catalogs_backend_config_id_fkey FOREIGN KEY (backend_config_id) REFERENCES backend_configs(backend_config_id);\n\n---------Relinking jdbc_products\n\n--adding uuid columns(they will replace current pks and fks)\nALTER TABLE jdbc_products ADD COLUMN newpk uuid;\nALTER TABLE data_sources ADD COLUMN newfk uuid;\n\n--initializing new pk of parent with random value and linking child tables\nUPDATE jdbc_products SET newpk = uuid_generate_v4();\nUPDATE data_sources s SET newfk = (select newpk from jdbc_products c where c.jdbc_product_id = s.jdbc_product_id);\n\n--dropping old fk and renaming new fk in child tables\nALTER TABLE data_sources DROP COLUMN jdbc_product_id;\nALTER TABLE data_sources RENAME COLUMN newfk to jdbc_product_id;\n\n--dropping old pk, renaming new pk  and adding pk constraint in parent table\nALTER TABLE jdbc_products DROP COLUMN jdbc_product_id;\nALTER TABLE jdbc_products RENAME COLUMN newpk to jdbc_product_id;\nALTER TABLE jdbc_products ADD CONSTRAINT jdbc_product_pkey PRIMARY KEY(jdbc_product_id);\n\n--add fk constraints to all child tables\nALTER TABLE data_sources ADD CONSTRAINT data_sources_jdbc_product_id_fkey FOREIGN KEY (jdbc_product_id) REFERENCES jdbc_products(jdbc_product_id);\n\n\n---------Relinking schemas\n\n--adding uuid columns(they will replace current pks and fks)\nALTER TABLE schemas ADD COLUMN newpk uuid;\nALTER TABLE data_source_links ADD COLUMN newfk uuid;\nALTER TABLE schema_usages ADD COLUMN newfkp uuid;\nALTER TABLE schema_usages ADD COLUMN newfkc uuid;\n\n--initializing new pk of parent with random value and linking child tables\nUPDATE schemas SET newpk = uuid_generate_v4();\nUPDATE data_source_links s SET newfk = (select newpk from schemas c where c.schema_id = s.schema_id);\nUPDATE schema_usages s SET newfkp = (select newpk from schemas c where c.schema_id = s.parent_id);\nUPDATE schema_usages s SET newfkc = (select newpk from schemas c where c.schema_id = s.child_id);\n\n--dropping old fk and renaming new fk in child tables\nALTER TABLE data_source_links DROP COLUMN schema_id;\nALTER TABLE data_source_links RENAME COLUMN newfk to schema_id;\nALTER TABLE schema_usages DROP COLUMN parent_id;\nALTER TABLE schema_usages RENAME COLUMN newfkp to parent_id;\nALTER TABLE schema_usages DROP COLUMN child_id;\nALTER TABLE schema_usages RENAME COLUMN newfkc to child_id;\n\n--dropping old pk, renaming new pk  and adding pk constraint in parent table\nALTER TABLE schemas DROP COLUMN schema_id;\nALTER TABLE schemas RENAME COLUMN newpk to schema_id;\nALTER TABLE schemas ADD CONSTRAINT schema_pkey PRIMARY KEY(schema_id);\n\n--add fk and not null constraints to all child tables\nALTER TABLE data_source_links ADD CONSTRAINT data_source_links_schema_id_fkey FOREIGN KEY (schema_id) REFERENCES schemas(schema_id);\nALTER TABLE data_source_links ALTER COLUMN schema_id SET NOT NULL;\nALTER TABLE schema_usages ADD CONSTRAINT schema_usages_parent_id_fkey FOREIGN KEY (parent_id) REFERENCES schemas(schema_id);\nALTER TABLE schema_usages ALTER COLUMN parent_id SET NOT NULL;\nALTER TABLE schema_usages ADD CONSTRAINT schema_usages_child_id_fkey FOREIGN KEY (child_id) REFERENCES schemas(schema_id);\nALTER TABLE schema_usages ALTER COLUMN child_id SET NOT NULL;\n\n\n\n-------Relinking data_sources\n\n--adding uuid columns(they will replace current pks and fks)\nALTER TABLE data_sources ADD COLUMN newpk uuid;\nALTER TABLE data_source_links ADD COLUMN newfk uuid;\n\n--initializing new pk of parent with random value and linking child tables\nUPDATE data_sources SET newpk = uuid_generate_v4();\nUPDATE data_source_links s SET newfk = (select newpk from data_sources c where c.data_source_id = s.data_source_id);\n\n--dropping old fk and renaming new fk in child tables\nALTER TABLE data_source_links DROP COLUMN data_source_id;\nALTER TABLE data_source_links RENAME COLUMN newfk to data_source_id;\n\n--dropping old pk, renaming new pk  and adding pk constraint in parent table\nALTER TABLE data_sources DROP COLUMN data_source_id;\nALTER TABLE data_sources RENAME COLUMN newpk to data_source_id;\nALTER TABLE data_sources ADD CONSTRAINT data_source_pkey PRIMARY KEY(data_source_id);\n\n--add fk and not null constraints to all child tables\nALTER TABLE data_source_links ADD CONSTRAINT data_source_links_data_source_id_fkey FOREIGN KEY (data_source_id) REFERENCES data_sources(data_source_id);\nALTER TABLE data_source_links ALTER COLUMN data_source_id SET NOT NULL;\n\n--add unique-name-within-catalog constraints\nALTER TABLE schemas ADD CONSTRAINT schemas_catalog_id_name_key UNIQUE (catalog_id, name);\nALTER TABLE data_sources ADD CONSTRAINT data_sources_catalog_id_name_key UNIQUE (catalog_id, name);\nALTER TABLE saved_queries ADD CONSTRAINT saved_queries_catalog_id_name_key UNIQUE (catalog_id, name);		applied	
9	4271242c5c3937e202cc60cea48facaec6d548d0	2019-01-09 15:06:15.484	ALTER TABLE query_history ADD COLUMN custom_reference VARCHAR;\n\n-- making enums serialization consistent\nUPDATE saved_queries SET options=regexp_replace(options, ':"desc"', ':"Desc"');\nUPDATE saved_queries SET options=regexp_replace(options, ':"asc"', ':"Asc"');		applied	
10	5cecc44109a1547ebcb0c6beba7eea3ee505175e	2019-01-09 15:06:15.506	-- 1)Only Schema and DataSource require a name property which is used for references (schemas importing other schemas, schemas using a datasource)\n-- 2)No other resources should use the name property to avoid confusion.\n-- 3)All resources displayed in the UI should have the properties displayName and description.\n\nUPDATE catalogs SET display_name = name;\nALTER TABLE catalogs DROP COLUMN name;\n\nALTER TABLE jdbc_products ADD COLUMN display_name VARCHAR;\nALTER TABLE jdbc_products ADD COLUMN description VARCHAR;\nUPDATE jdbc_products SET display_name = name;\nALTER TABLE jdbc_products DROP COLUMN name;\n\nALTER TABLE backend_configs ALTER COLUMN display_name DROP NOT NULL;\n\nALTER TABLE saved_queries ADD COLUMN display_name VARCHAR;\nALTER TABLE saved_queries ADD COLUMN description VARCHAR;\nUPDATE saved_queries SET display_name = name;\nALTER TABLE saved_queries DROP COLUMN name;		applied	
11	7a51b554cd4b2b93f3cebdc124363d0f8bc2444c	2019-01-09 15:06:15.543	ALTER TABLE saved_queries DROP COLUMN query_type;\nALTER TABLE saved_queries RENAME COLUMN options to base;		applied	
12	c38bffe71cf5a106f89eaa18c88dc9a1d0287dff	2019-01-09 15:06:15.55	create table if not exists jdbc_product_jars(\njdbc_product_id uuid not null references jdbc_products(jdbc_product_id),\nname varchar not null,\ncontent bytea not null,\nprimary key (jdbc_product_id, name)\n);		applied	
13	82b7f9a2973acb3653a897129fff5b2677717b01	2019-01-09 15:06:15.581	ALTER TABLE schemas DROP COLUMN display_name;\nALTER TABLE data_sources DROP COLUMN display_name;\nALTER TABLE catalogs RENAME COLUMN  display_name to name;\nALTER TABLE saved_queries RENAME COLUMN display_name to name;\nALTER TABLE backend_configs RENAME COLUMN display_name to name;\nALTER TABLE jdbc_products RENAME COLUMN display_name to name;		applied	
14	de8984a9710e613678107ad22fc08d267235a8a0	2019-01-09 15:06:15.596	drop table if exists principal_permissions;\ndrop table if exists role_actions;\ndrop table if exists roles;\n\ncreate table if not exists roles(\nrole_id uuid primary key,\nresource_type varchar not null,\nname varchar not null,\nunique(resource_type, name)\n);\n\ncreate table if not exists role_actions(\nrole_id uuid not null references roles(role_id),\naction_type varchar not null,\nprimary key (role_id, action_type)\n);\n\ncreate table principal_permissions(\npermission_id uuid primary key,\nprincipal_id uuid not null,\nrole_id uuid not null references roles(role_id),\nresource_id uuid not null,\nunique(principal_id, role_id, resource_id)\n);\n\nwith r as (\ninsert into roles values\n(uuid_generate_v4(), 'Catalog', 'Owner'),\n(uuid_generate_v4(), 'Schema', 'Owner'),\n(uuid_generate_v4(), 'DataSource', 'Owner'),\n(uuid_generate_v4(), 'SavedQuery', 'Owner'),\n(uuid_generate_v4(), 'JdbcProduct', 'Owner')\nreturning role_id\n)\ninsert into role_actions\nselect *, 'Read' from r union\nselect *, 'Edit' from r union\nselect *, 'Delete' from r union\nselect *, 'Grant' from r;\n\nwith r as (\ninsert into roles values\n(uuid_generate_v4(), 'Catalog', 'Editor'),\n(uuid_generate_v4(), 'Schema', 'Editor'),\n(uuid_generate_v4(), 'DataSource', 'Editor'),\n(uuid_generate_v4(), 'SavedQuery', 'Editor'),\n(uuid_generate_v4(), 'JdbcProduct', 'Editor')\nreturning role_id\n)\ninsert into role_actions\nselect *, 'Read' from r union\nselect *, 'Edit' from r union\nselect *, 'Delete' from r;\n\nwith r as (\ninsert into roles values\n(uuid_generate_v4(), 'Catalog', 'Reader'),\n(uuid_generate_v4(), 'Schema', 'Reader'),\n(uuid_generate_v4(), 'DataSource', 'Reader'),\n(uuid_generate_v4(), 'SavedQuery', 'Reader'),\n(uuid_generate_v4(), 'JdbcProduct', 'Reader')\nreturning role_id\n)\ninsert into role_actions\nselect *, 'Read' from r;	drop table if exists principal_permissions;\ndrop table if exists role_actions;\ndrop table if exists roles;	applied	
15	4fc9a3b9056a24924715e6066f2fc385c2d1c0f5	2019-01-09 15:06:15.702	--This is the breaking migration. Truncating query_history and saved_queries before applying.\nTRUNCATE TABLE query_history;\nTRUNCATE TABLE saved_queries;\nALTER TABLE query_history RENAME COLUMN query_description to query;\nALTER TABLE query_history DROP COLUMN query_type;\nALTER TABLE query_history ADD COLUMN data_source_id uuid;\nALTER TABLE query_history ADD COLUMN schema_id uuid;\nALTER TABLE query_history ADD COLUMN type VARCHAR NOT NULL;\n\nALTER TABLE saved_queries RENAME COLUMN schema_name to schema_id;\nALTER TABLE saved_queries ALTER COLUMN schema_id TYPE uuid USING schema_id::uuid;\nALTER TABLE saved_queries ADD CONSTRAINT FK_Schema_Id FOREIGN KEY (schema_id) REFERENCES schemas ON DELETE CASCADE;		applied	
16	024814175e9c6a20f317ccdee9184ce9a9a25325	2019-01-09 15:06:15.81	alter table jdbc_products rename to data_source_products;\nalter table jdbc_product_jars rename to data_source_product_jars;\nalter table data_source_products rename jdbc_product_id to data_source_product_id;\nalter table data_source_products alter column name set not null;\nalter table data_source_products add column type varchar not null default 'jdbc';\nalter table data_source_products alter column type drop default;\n\ncreate table data_source_product_icons(\ndata_source_product_id uuid primary key references data_source_products on delete cascade,\ncontents bytea not null\n);\n\ncreate table data_source_product_properties(\ndata_source_product_property_id uuid primary key,\ndata_source_product_id uuid not null references data_source_products,\nname varchar not null,\ntype varchar not null,\norder_index integer not null\n);\n\nupdate roles set resource_type = 'DataSourceProduct' where resource_type = 'JdbcProduct';\n\nalter table data_sources rename jdbc_product_id to data_source_product_id;\nalter table data_sources rename params to properties;\nalter table data_source_product_jars rename jdbc_product_id to data_source_product_id;\n\nupdate data_sources set properties = jsonb_set(properties::jsonb, '{url}',('"' || location_uri || '"')::jsonb, true);\n\nupdate data_sources set data_source_product_id = (\nselect data_source_product_id from data_source_products where product_root = 'postgresql')\nwhere location_uri like '%postgresql%';\n\nupdate data_sources set data_source_product_id = (\nselect data_source_product_id from data_source_products where product_root = 'clickhouse')\nwhere location_uri like '%clickhouse%';\n\nupdate data_sources set data_source_product_id = (\nselect data_source_product_id from data_source_products where product_root = 'bigquery')\nwhere location_uri like '%bigquery%';\n\nalter table data_sources alter column data_source_product_id set not null;\nalter table data_sources drop column type;\nalter table data_sources drop column location_uri;		applied	
17	e3dc32b96b04e644b31ffa4027d98655cbee1350	2019-01-09 15:06:15.991	UPDATE schemas SET psl = regexp_replace(psl, '(schema [^(]*)\\(', E'\\\\1(strict=false, ')		applied	
18	a3cbc09b96d91ccb998108a7a2df934fcddb4ac1	2019-01-09 15:06:16	INSERT INTO data_source_product_icons(data_source_product_id, contents)\nSELECT data_source_product_id, icons.contents FROM data_source_products as prods\nJOIN\n(VALUES ('postgresql',\nbytea E'\\\\x89504E470D0A1A0A0000000D494844520000006400000064080600000070E295540000001974455874536F6674776172650041646F626520496D616765526561647971C9653C0000032469545874584D4C3A636F6D2E61646F62652E786D7000000000003C3F787061636B657420626567696E3D22EFBBBF222069643D2257354D304D7043656869487A7265537A4E54637A6B633964223F3E203C783A786D706D65746120786D6C6E733A783D2261646F62653A6E733A6D6574612F2220783A786D70746B3D2241646F626520584D5020436F726520352E332D633031312036362E3134353636312C20323031322F30322F30362D31343A35363A32372020202020202020223E203C7264663A52444620786D6C6E733A7264663D22687474703A2F2F7777772E77332E6F72672F313939392F30322F32322D7264662D73796E7461782D6E7323223E203C7264663A4465736372697074696F6E207264663A61626F75743D222220786D6C6E733A786D703D22687474703A2F2F6E732E61646F62652E636F6D2F7861702F312E302F2220786D6C6E733A786D704D4D3D22687474703A2F2F6E732E61646F62652E636F6D2F7861702F312E302F6D6D2F2220786D6C6E733A73745265663D22687474703A2F2F6E732E61646F62652E636F6D2F7861702F312E302F73547970652F5265736F75726365526566232220786D703A43726561746F72546F6F6C3D2241646F62652050686F746F73686F702043533620284D6163696E746F7368292220786D704D4D3A496E7374616E636549443D22786D702E6969643A34323433414637443944343031314538393744414231393338363631363930302220786D704D4D3A446F63756D656E7449443D22786D702E6469643A3432343341463745394434303131453839374441423139333836363136393030223E203C786D704D4D3A4465726976656446726F6D2073745265663A696E7374616E636549443D22786D702E6969643A3432343341463742394434303131453839374441423139333836363136393030222073745265663A646F63756D656E7449443D22786D702E6469643A3432343341463743394434303131453839374441423139333836363136393030222F3E203C2F7264663A4465736372697074696F6E3E203C2F7264663A5244463E203C2F783A786D706D6574613E203C3F787061636B657420656E643D2272223F3EDF3C8B56000024C64944415478DAEC5D077C54D5D29FF4DE494880D06B80D09B52A50AD234627BA07EA2A2627B2AF2509E58B03C0B966741104151B02120D2BBF4127A27107A48427A6FFBCD7FF6DEBB37CB6ED86C6E6C8FF1776473B79E336766FE53CE5C1793C9442E2E2EF43F487579B4E6D1824713E5EF081EC13C0278782BAF2BE091C3239D47128F533C0EF3D8CF63B7F27C95097C00B918C4107F1ECD7834562616CA239087278F521EB93C3278A4F2B8C0E32C8FD33C329DF82E0F1E9D79B45316349A47B8B28878AE84473E8F6C1E693C2EF338C3E320E6CB63108F1B79B454FEAE0A25F3D8C463198F85CAFCFE308674E1D15B199D15265486B2781C55166AAFF2EF2E65216DD16D3C6E56462D2345C5D5D595A2A2A2A866CD9A141A1A4ABEBEBEE4EEEE2ECF151717536E6E2EA5A4A450525292FC6B87B0E97EE2F12D8F15BF2743EEE6F1A8B2CBEC4E1093727373932F2A2C2C94E100412D6CE0B192C70265778FE3F18C227DE508BFBB56AD5A14111141010101E4E1E1414545459493934357AE5C9105C4DFD6141313439D3B77A64E9D3AC9E3C68D1B0B43F07B2BA28282023A7DFA341D3C789076EDDA45EBD7AFA71D3B76D87AE96F3CDE5024A7DA18D295C7DB3CBAEB2F6231BA77EF4E1D3B7694C9D5AF5F9FC2C2C264815486E4E7E753565616A5A6A6D2F9F3E7E9D4A95374F4E851DABF7F3F1D3E7C589EB741798ACE6EA8BF8885ECDFBF3F75EBD68D6263638521F616323939991213136501B17075EAD4A111234650AB56AD0C93AE63C78ED1A2458B68F6ECD974E4C811EBA7BF5636538AD10C01239ED54BC0D8B1636572BD7BF7261F1F1FA7270426EDDDBB97F6EDDB475BB76EA5B56BD7527A7A7AB9D7F8F9F9D1A38F3E4A717171C210A3A8B0B884CEA76452599989D273F2E9725AB6FC9B5B504C25A5A56683C5CCF6F7F1A4D0405F8A0C0DA0BA11C15423C8CFE6E72D5EBC98A64F9F4E4B972ED55FCE50D6EE0BA318B254D1DB4260C4A44993A8418306365F9C969D47E9D9F994C7932AE649B9F267FB7879C8A482FD7DC8CFDBB362C3C292B46EDD3AFAF9E79F65627DFAF4A1F7DF7F5F548A359D4DCEA00BBCA02999B9949B5F44A5A63259405FFE8E107F6F59C0A8B040BBDF99995B401FFDBC85A6FDB091D2523329B446905C2F2A29D5D604EBE3EEE6AA7CAE078507FB5383C8108A6D18453D621BC870B55ABF850B17D2F3CF3F4FC78F1FD75FFE80C753556188ABA20B6FC01FE1E1E1C2FD912347967BD1F1F3A9B4FDF059DA7DE2029DBE74852EA7E7504E7E2115149552695919E1A3BD3CDCC9DBD39D027CBD283CC89F6AF12235AC154ACDA2C37972A1D4A8761879BA5FAD76A0CAACA56FCBA1445AB7E714ED3C768E122E5E11E663A797F22EC75CB03890604F77570AF2F3A630DECD8D6A8551BB26B5A943D3DAD4B1691DF92D7A5AB727813E5EB48556ED3E4181BEDE54273C888A4B4A758BC583FF2B2D35F1BC8A292BAF80B2F30AC98F3759CB7A35E9E62ECD29AE676B6A1065C135653CF771E3C6D18C1933AC37F7503CED0C4356F3E88B071D3A74A0952B570A025169E5CEE33463E90E8A3F7E4176281622C0D7937CBD3C6547B9F1A2E0634DF2E34CC29CE2923299507EA1597AC028484D747830C5368AA41B5AD6A316756B52B3BAE1573168E9F6A3F4E9E2ADB4E3C839562945B2D841FC5E2F0F37DD0EC5BF26F94ECC4BFD3E48424151894829987353BB4634AA771B6AD520B2DC772CDA7C8826CF5AC18C4EA398FA35CB2D942D40515A5A26734FCBCA13691C7E630C4DBCAB0F4584F86BAF83A48F1A358A4A4A4AD44B3B14845A29864CE231150F60086184816040D9BCFB9FFD7409CD5FBB4FDE17CDBB49769C8B79275516EA15F1A241A230524F27D12D43BAD07793EF16B503C2CE7FFCC3853467C56EF2F672171D0EF55156C92FC314B1C3D373F228292D8725D58F6EEDD18A1E1B790335A95DC3020458C21F7DFF675AB4E5104B7084A83B6C26BB9F8BE1EA2212738A2516D2FED298FE74479F36DA6B601FBB74E9A2479AEB79F4719421313C0EE181B7B7B7E8C1E8E8687922E1C2158A7BF96B3A78FA32B5E41D84DD8905AB2A41A2CE5C4E1763F9EB1BF7F3A287C8F5C4A4341AF3C677B48D55628C81DF07E9CD2DE005BC94463579378F1DDC8526DEDD5BAEAB3475EE5A7A73DE3AD9F9616CD04B4ACB1C9AC7C52B59C2D4B1833BD37F9F1CA13D07A407349A99A9F9C2DFF3B8C311861C5298424B962CA1214386C8C53349E9D4FBE9E994919B2FBADF911FE8D8CE75A12C56295758EC7FFBE0116A512FC2FC7DCCA05E4F7DC620219F62F81A76A9C94486921B2F60067FFE69664CA7E67568DA63C3A873F368EDF9AF56C6D323D3165064588048942373766569292A2EA503A792A87FC726F4D3CBA3355081CDDDB2654BBDFA7A92C7877A86B85A7DDE4D2A33FAF5EBA731A3888DE65D53E709826A6E203354913FCD92F0E683376BCC80BEBF7DCA5CCA6008DA92AFE1FB8C6686A843FEDC40B64530F8C7CEA5D2A0E767D2B76BF668CF8F19D09EBEFAD71D9492912376422F41F608F6D2830145C766B569C3BE533468C2170C02CCAAAA69D3A682C0AC9057B03592B2B61DE6577EF08176F1E5AF5633923A230B566C2033608CC18CC18C52C60EB1F8170FBEF3231D607BD2BCAEB1DF67CF8E41FA1AB3EE0F0DF0A5B16FFF28F3D5E2358C9E663D374A20762EDB3957079C686C1EA8D6368DA2187D9EA791FF9EA3490036F9FDF7DF6F73CDAD19525B45553040F0BA41709CBE5CBE4BD45445C6CDA91DCA9F077F05C844A5B9ABE265C04695543333F484EF0A0BF463381E4653BE5C4913A65B9CBBB85EAD45828F9E4BA11205CA3BFA99AD19C96DD87B8A9E6120A4D23BEFBCA37FD9BDF6187297FA60FCF8F1DAC599BFEE1071850F61A4DAC04E3B7B398386746D4E5D63EA2AAAAA98DE9ABF9EEAD60C7168271AAEC278B17DD9896DD3B816BDF3FD0631EA2A3D15D783C60DED4A47CF263BA4BA3415C68B86CD357DC976DA7EE4AC5C83FBD0A3470F2DFAC4A38D2D86DC8AFF797A7AD2ADB7DE6A86B8ACFB166F392C7E8211E8A6FCE44D54C8C6EDB1113768D73E5DB48D75798A209BB2EA301A0E2E207C20F82893662EA719BF6ED79E036AEAD82C5AD0A6A34CC134BCD82D806DF965AB25D6D5B76F5FEBC879398604282174816688D44AC8F2C0693AC9D83AC8DFDBD049BB2878BF6B4C3DEAD5C61C3BCC2B2CA2D92B7609F3CB4C65F447129802DFAA699D70F68116D1366567833E7A7C381530C8016C76344A0E6604F97A8B9FA252A3468DF42F6964CD908E4081788060A14A08899455426756C64BBB929DCB9E6D4BEDD277EBF68B8E06E6FF8384E3AA450CE68D1812E02320038E2B08867AF2E8BE7492A5C4B512EB02A716D05ED53456B1B9706B86C4AA17DAB66DABBDEAF099CB1468B0ED50612D1CB2C15D9A59420C9B0E5288BF8F12F8F873108C723DB667C779A33CF799C5C84FB8B3B740E5730C781CB575701AF379DE8545255A045B47FED60CD1923F6A14173BE27C6A16F9FB78193E5180840E4DEB4860513CD1C4CB147FE202DB0EFF3F8574583325A67E24CD5AB653828F9A2B706F7F8991396A5B95D8B1BD0DE766CD903AAA4147C24785BB58384F0F77C3ED47267BFB6D1B59B2B0EBF725F077E5B33175A73F23C1D10B0FF6A3899F2F93C0286840A7A6D4B77D1396920C876C091807B0A0064DAD32A885D60C111D56A3460D0A0931C79110D6468EC1C3CDD5D0C99994585273C52B071D3D932271AAB23F9B78E8EC49ED1A81B4E7E4059ABF6EAF767DECE04E8244C901355B2290DA9399EBA6E57D74946D93214141411AB7739819F810A32D3A7217084FB75642DFC0FE47CF258B01FD3313360B10E0CC5F776AB9926137C450B796752507742D427C0BA906952E5FBE5C4E8BDB82BDE4E565B117F01124F068F0C490CB4008BD317BC420A01504F702ECD82AFC06D31F28396A342123A740FC892D6C4710B950E9F65EB19492917B4DB555C80CA9196AC9935CB87041FFF425CDF8EB8D8AABCED9A9AE350043A299216E8A2A3C793155D423124E9854619179F290502C86FA3A04023D59AD21851AE0E369B8A3AA8FD6C2905FBA92C5F6A24422B535827C05FEC2961415474822EBBE411DC51E0CECD894A2C202043DE1F7D90707A5544749114B34FBCC19FDD367AD1922964A1716663D5F3DA18BC2A252496A693F2C2983A5B1949279972179141912486D1A47514B46364061817E5E1A32031A5BBF37818E9C4D1109C30219C918E8F78BA999B219103A1FC08B8DE455DD9AC1A26E005DF17D706A55B381D85727F6DE371D4CA4A8D000BB528ECFD6A778ADF2ED09D60CC915FFA0C05215E9C38E0C76AC19A6B918AA0222753F1CCE67EE8554EAD6BFBD447DB1082D95F4A92D828AFB70C1269ACD6A239A7D043F6F0F31BA46300339FA0846531F3D3142EC833D826FA627CC47455FB608A964F8584DEB983393D8F8485829040374CC9A21A81B6A8AAA3C149601FE06FBFB0A533059A380965AC111A694D14035D46669F964CA681A37BC9B43F01161F20F1F1F4E4D78722FCC5CCE7FD7103553158236B8C83E5730ABCD5FA6DE5F6E27C38023BE86D4B5C056760380086B8505498EDE2CF52515C6B6720A0AA91EABE9868ADD44FD962E73888460913543CE09D44D4F9742B6860D1B4A65484880AF18340F773783908AB9022544415460C0EB63075DF5BA1D47CFD11E76140F2726D3B1F3299220ABCFEAEBBE811DA8A712FB7A7CE48D74E44C32CD5D1D4F2DEA4654497521AF9F9D5F40F3FFFD7FE598F1D03B3FD1AAF8E3327FA8DAE48C1CB11730E2B326C4B1416FA36DAC8AF65226DBC4E61D23341F64E7CE9DFAA7F794F3E85555AE5997B367852180A6116C40116E567782115E088C34F0B8B59DCA60AFF7DBD57B24BA8CE4543ADB0C04F1DA37A92DDFBF62D771FA72FE7A7AF75F77D03F6FEF29EF99C2DEF2B2ED470528787B7A38FDAB50DB754BD716D42DA69E063C063DFF0565F06F78F9BE01D4A5455D91EC0DFB4FD3E42F964BDD96B7A767390970B7A346B0E9102A6ADDD012BBDABE7DBBFE25BB6D31E4B8DED820C088A5AAC7C66CF7F1F3762BF52AAFB2CC79102F5D5D14263763C9769AB97407333F45D00CBE0F41CD19E36EA17BFAB5D33C5DA09B09D37F15238A02356C9A21DD5AD0B76BF652C3A850A77F573E23BB419D2D71B5B7E76FA04D6BF792E9C0F4F23B9D370DAA1A6BF246AD1B1EACA9B4948CBCAB6ABD347455522A3E56275DAE1E35C13ADA540EE529FF6A817A9DB1911AA682A212633D75A44C7599C071EFFD44E3DFFD498A0D5A378C148F5802716C240374C613D284B29D9BBB34A3D7BF5DAB5DC7AE864AAB4AAC0AB6A3499D70CD0144DAC18F6DD3B8F7163088481546FCB4F100DDF9EA3752BD886AC8E89A66A4989496CDAA2C9BBC3D6C4B286C8F14EA3536878A5052A543583015476D49080EA06056EE870E1DD219D01AE4EEAA54BB1900B4D4E2B2EC7C4B1CE7CCE50CAA1519423578D7A968C90D55EDCC98A7FEBB58160C8C006D6168B978F361CD3882805C8060F03A7727D007509F0FFB1AAA5A46B808B99968FE4D0B5922371F4A946AC653E2BC7A8A24C0C143FE5D627E0C93E147D9D2222E4A08AA77DB46DA6F43FDB28ED65E151556A5519192D6287C2E65270615E5A830090DF413B55291D353893488142D60D22AC1493CC8FE85DE1BC72324744A4AF369FC070BE9EB55BB05C520228C1044566E215D4ACB62DC1F484DF93746B1C39599935F4EA22A13EE847A54EB05B070EE3C77301811851CB62730E680B688EB81317A072F31295D22E37A2F5C3F6168185464DA5157BF5DE598EA1EEF17072C2D4D132940CC3AE1818CB48A0C8BF44A284287D9B1E3CA6C14338071D0BD98E8AE6317A4580EA900C0E44B5732C51F91F81BAB1B389A7A265786DCDD5C647E001166FFCB4392645099505FC8B1E33BA032F13718A5F7A3009761DF5C6CA810D408E0F7F76B6F39DA820A791DADAF88211AFCDABDDB6CF881B9A1B632F30A8C61888B79527A9DEFE5EE4E6515445921194866611154D808C38A9DA912EC0E0CB373A11257F9BCB3C999E56C27A2B82E76828C389AA012B2801E36CEA7E0BD97D372A873F3BA52B4A1AA2B9C59D1D9ED848A18B2D3162C43B2BF222FD419A455A22B2772777775287C6D1DC2471E42A5B0205FA743F72ECAFF00B55542F2CC5EC9135E1FA07303A0AE6C3AA62E66833EA85353EDD237DF7CA37FC577363788EE71BC1AD3D21FD3421843D48A81D1C6721FE50458802E4FD685BC616FAAE2180214C01155A92743EAC8D04049B9DAB283FA8882BDB00DA40EF6F1665D9AFAFBEFBFD7BFE4876B3124477552F6ECD9431919E61DD896E15A1DC6DC4649898B92A0D2508E13C570702ED5F24CC91DF8562DCD0CDF675FC225F1B940381FD2BD757D89F85A8773B0FE7A1BE883589AD566C57B605BFA7768CCEAD66C6F56AD5AA53F307A4441B6153204B4590C6A71B12625F0D6EB3304CC36C08E8863C8E2EDA5436C404D2E95141330B450B77B1122073C77366F02548582EF653BB4181FDDDABD95440AAC3F138E2DA0AC4AA12C5DD69BAA4C0E0F95D1C8EE96B38C9F7DF699FE255FDAB569567F6B5E210E639637724506B82266230DE4A279C9BCDB2A1BEAC7A6D5AB0AC49A5C5D5DABB0514C021A56EC382E078940833A37A5987A35CB2DBE9A2F49CDCCD5FEAE11E47F55E1028AC471B6A4476B73C108A2E83818AAA3AF1D6588663C366FDEAC5DECD8AC8E88A5C9000901CE0FD2A53261F89C095E5AEBF1AA6615819C90335F1B9FA021CCA1DD5AD00576FCF41B06484F6FBF106C44C0543B4E80C831ABBAA137B4D042443FFEF8A3F8763A6730C95186402C249D88D3B02A01BA216E54951085EA150320A85E2E303DB283956548A952F2AF123C6B73C4D57919C67B015F7FDC7840BBF6C0E04E92A1CCD6F9380862C25154ED066C840F5F535119243E946DD298FEEDB5F74C9B364DFF555F5508C36D5C5BAB3A88381C6F5659A1145337E22AF1AD74989BED4548A08FF81520883EB2845E952C35423A14E10C2DE8C706BEAAF28B1D8ECCE0E2CD8724C26DF66F82E81FFDDB49CE5F0522B07F3844744571246B04FB4AA92D42F8900E1C6C1A76434BAAA7D49CE1385B7C7CBC06BE78CCAB2C43B4C311CB972FB748498B684A63DD5895221418C91A817EDAA1C88B57B22535EB5589B08C8BC2D8E8084BF8223D2B9F8D6DD5B368905E84DEDFFFC912807DFAB61E625FB214500369CEE1C76959B91A64468106A2BA88FCE2F9878759CE744E993245FF159FE893518E32648DFA00504D25E404A03F4D55C0FBEACE56036DE9D9B952485019A36E5222BF4DEB68E5B0949496E55460D1962A44E012915D64090565F2E6B977600749EF424AF0DDF04F72F2CDD017D15F8014A830044AFB7568A21501A2D4C7EAC4D4B46B460E6C5C3BA7A22D1876D51F41800C6194ACFCA22AA8052AE7D5CAD9F24A3A87D0D1087F4362CDF908735D5790BF3125AF3E2C259040FDD99047867513F505F40434077B55A4D4660132030094949AE4B7A11AC58E74FC48BA729FCA3004F4ABD9692BD5D416027B38370783E6ACD6C22ECE81BE570C228A053CDCD87F70D03784E14D4ACF962C2252CCA2A3132ED2913329E56C4A55A50469DC051B0FD241259C029B8794318E13603F6153B92B1B0B080FD2713E25438E56DCAC24BA50C860D534609243B1353BD77FD11EFCA23DA45EB10DC50932554147E3A0BD6A10E1DFE018594125D01B22B343751521EBF62688D7EEEE664CDEDF0C79DD64D1DF9C6709C63E36BC9BA46151F3ECE7E5291160F5F7E0FB4B593AFE19A79D8AA2FFFCE73F7AA80B7474A22A0C811372590D17AB1FDCBD75033170854EC25F84B691D03971DEDCE70B90B2053B5F405BD7020B78FA0ABF0E8B32B27B4B0D192DD97644A20946563762D7378C0AA31F37EC978E1582AE7833BD746F3F4A4ECE6064E5A745705333F368CFB17334A4472B29C016B59A9F6FADAE9E7338FA5CC173027FD17B4A856D88F120D8280BE88CCA62FD8BE4D2F6A3E7B46B8886C217B9D6390BA8AB4B69D97467EF361A4C5EB9EB04ED3E765E2A0B8D26186FC4B8A67EB35663360E18356E1029465CCDA1A32AA6801DC197C6F4D3DEFBD24B2F49F84921E499D61BC1100DFEA25F874A4011286B71C609C3B46AB047BC6CBB256634AA4F1B8A6D184997180257C4943C31E60174575FCB81221C8183A3561D3D23D5E26A34BBB13EBB8E68B04AA894E9D4B58556C480C6696FBFFDB6FEA31EA9CCF756C410A00231B75F7F6D09BD209C802C58BE93C50F80919B0E9CE6DD6D5605D86DCFDDD98BCE5D4ED7BA07D9920E18CDFEBC19A214637E38F132AD893F29525B5DC5D8F854742F429F159526DEDD477EAF8AF85010F1D1F8E196E7274EB47621B618C5902C554A503CA7661171C40B951EB642D30E7D21BF07E59F1F2FB4FCCE3BFBB4A5B1B774A1F8E3E7051A5B7FAE49499D8ED0454F7F60FD9EA354135617E17B516CB1E9E0194DAA115E510F16BDFBFD46EAC6EE40170582639D66CE9CA9FF88272ABD3ED7787EB6FA400FE1105646FCC85955502F328456ED3E495F2CB524C23E7F268E1DB04E52C800E4A2CF99C09B07D485BA34239B6239628C72CEEA3EE4830D841CFB0B28902BB6F4D0426787CD87CED05B0F0DD6AEDD75D75DFAB72EB697F3A80A43A0B624133477EE5CA9CE00DDC26A0B8DBB329C8C6D21FF818A8E7F7EB28475F4192DA43E7BE2287AE19E9B24C27A283149C215403C30E64030EA69AEE53B8F89CA82D1AD6E02C391B3C701D8E73F5F5ACEC9457707CC438DE86EDAA4855CD00277B8EE63102BEAC46334A231646E22DAC31986002A48EE17AD52D51424E06B5FDEAD5838673A2E6092EA91E35BFFFD15FDBACD72A0FED5FF1B48CBDF7A80EEBCA9ADC488CEA566500133E6A6B69673DD7356EE164FF9F76A020DDF0BF5C39FFDB28D7E58BF5F51DDC172445A556D0F3CF080FE2D3811F522995B30410D9C55FE45A4F73D1E1FF3D8A8B8176DCA6D5607268538B21890AE5DBB6A855EE8243760C20CF3E11B2792436024BCE2F87D09F4DEB371F474DCD51B060E2424018ED740961078FAD804B7BF3C578280E79333A5D1197670551C56C742F3E6BA307C47FCF427E4FC8AD96729A3010306D09A356BAAF2152D990F871D65881ADF9293BA972E5DA2C848F38F899BF235ADDD932087672AA3CBC10C4446F7265CA257EF1F402F8EB6B499806144173B7B0446408D21B3B78AFD904F166DA5FDA72E49C15C693534AB715118826063AF360DE881C19DE9C656F5B54A4538CD8F3CF208AD5EBD5A0AD575DE3905070753EDDAB5A52F709B366DA43D2DD60ED018DD96744573BF311F7A568621FFE2F1BAC086279ED05A37ADDD739286BE305BDA28B938BCDBCCFA173662FCC81BE9ED878794838CEFBEFBAEF45A19366C98B48445253E8E10ABED3E6C051B47B1C4C0C0A2ACD4E80E4270105194D7BF63539A3FF9EE0A5F8B7383C823416A020303A571A8BFBFBFDDD7B768D142FA172324CF7CF0AA0C437C1518EC86D76667676B9D08D00B6AE3BED3D26BD091934C5212CAF0F69EFEED69F6F3A3B4EB6FBDF5963586377BF70C31E1683DF594A5C3EA6E5697587CB5DA0447D03A8CFB405203817EC69EE605B0404670D7674F68994D9C0FF972D90E6A101546B7F78EAD541CCE57D7B2161B4F71BA4B980F5268E068AA0ED140D4E63F0A06BEF6DA6BF4C61B6FC813CF8EEA25AAA344C9985544C0F007593270946026DB0D9580E06C310304C6A3ABA706BF976CA787DEFD497A302E9E7A9F04285128FDE8B06E3489A129B277462261541F3E795B778D1928158A9B3297122F5EA11086C3C89DF4EDD058FAF822CE27675F5CCCED43B2730B041EC38145E9D283433ACBEF056153EBEC4E49658CBA4AF8A454D5C8410FAA4D06FEF1FA7C5AB8E9A05439DA5319308A2758F4719073DDB487B4961D4882C128DA22B4C4DBB66D9BF63DCB771CA3E12FCE96D35448ABA25FEE8257468BD401960E9E384B24C44867117D4ED09669CC800EF2373A967EBA702B756D653E067121354BCA5811FD45F6D01CCA31B7B60220619D4A7DD96F83ADECA62BBA863AD69DA45ACE7CB8D911D85B0EF490390529306FF2E4C9DA13AFDCD75FC4FA4A669E4D29013A42A316A46A17BE36466306CEA2D86206BAD9BDF8E28B74E0C0018D19D0E363DE982FA113C06518711C7D532B4010F1C581CD4203CFB348EF2CA5B7B04AE858E4E2E622C92A484198D2825C900FA3BEF813E7693BDB33F84EB7F56A4DAB3F1E4FABDF7950630622C13D7BF6B43ED6F6A4B65695FC8DFF569C1AFAF8E38FE9D9679F95E6FB487BBEFBE850BAEFADEF28D6274AC45B8D2F61F7C2D34681C42FAFDF279937095BA7A652EBD6ADE5311008DA0AE26E0568B28FCE9D7A420EE2B697BE124480C983E5E85A8A7317214A050B8C7B91036AD31978AE273461463E1D994378EEE65090A71C518094207186834760406CC3F2EDD181AAD0AA3D21A15C8D351C98E3CE320452F29AE2F4D02DB7DCA29DB84214F4D8B9647AFDEB35D4B6496D610A541B4E1F25B07AF966D29D3C99C61A7647032FDCDD60D6AC59D239DB1E41474F99B34A4E2A21850C03810EA291210134E399DBB430383A259428BDE68D8C2E82C17A43FCE23FFA4A8F481876848FF0BCBFB7979CA7B7573D835353D028DF7EFBADF5536379CC2AA74D9CF899D0550FF2A889D35613264C90EC1868EA03832434FFC9E2AD5A476818FB8F9F18219EB74A9004EC3094C8D8F233D02000E74156EC3C26A115EC3CA828A47F71F2B67E5428FDFCCA9872E7344AE5D08DC92927D51E49C31834E0B7CAB740052315702DDAB0618354BC63D3E9FD13C5168F211BF71771B61FD260D57B072445D3B3BBEF36637418C09BDA37965EED4848A1E5769F7696B0C7C30F3F2C092F7D25380C34D2A530CCE891AB36F48781463E1BB910440680A6D04E162763D12EC93ACB079D6F64832738AFD80C08C1832E5EBC480B162CD01C3CF54601404C50C1700C71D809F714C11C21193608687512E91ACE18C19078C59EBC823FEEB9E71ED901A3478F36E3EB1EADB473817A4226EDF3CF3F97C7B8D18A066D599A9AB01F03666061011DE189E3315412A022AAF087768BD13A988AFF919343797979725319297535B6E984D80848A19A913C71E2043DFEF8E3CE7E1CA2BF6FF2D85AD18BAAB2A15E25F38DB9E4FE1563C68C91630CAFBCF2CA55DE29C221506DF3E6598AF6A64E9D2A080B061D49AB67EFE86591E7CC5C49F5A2196680AFB756E9A8A765CB96C94D5E5015038648AF368343F13892861089DAC40D50BF9204371C653BF3796C77E40D559570F4939DA3E843A96185938716A85868480D125BB8318BF53DA8D05A02AA0E0E21C231FAA69058047B67E3011711BA514F23D5AB57AFDAA2BC000A80D32AE93AF8200A8EB0AF8F9258CC555410EAAE505D02A4734C8F9E1C2523542E3A33A38069828415525268FEFCF932ECD0CB64BEA1985405BCF9E69B72079D8103074A3419C80BC14504E654B584850063E1D9EA4FB1225E84DE2CB88B4375E4A9A036F5D279EE9C569C7192CC9D5C0D27A36CE0F30A62808333C2368024F4DA4654528D176892A59E9FB03A4361EE4654C14A97C91D139463002E64786E049FAD6FB904A3ADCB77D09F9921E2F728A33E99EFE8D65031B1894A2226D186647DA1389AC314F1BF6A416CD04505E10D608678A97012C5D62E2AEB0D62064230914A518515430AFE0A0C5129D1C6E2DBA38DCAA8A9A831382B284B44B572A0F2FB7214957844C9BA2D52AE6781191A435C5D6418A5B9A40F3CA3BF48A52100180470A246FDFF4A0C712AA84AE61B492E70F0F5288C720333D42E7888A6BA56E19CA12D838E6061548859429098C38D2A15CAA8AE8570A5BF2689CA0033D43B797AB0130A47D428E30E862070A8B6CC80BAD2313BFD3A43ACD64B819E1A9C46EC0C210DA3CA8210ACC47135350FA2B31FD56AD4FFAA0CC95798A2F589F4F27493C52B334C659568559220AB086DD2758658C520C99CC5D4EEA38B48AB30C4A0BB00218E554B1740D4877A14A4779D213A8225975EDDA81703A1560CC388B6B1D2AC93ED517484E57E5D5681C233D719723565AA21184159BC8008521A517522014E6F8F72074B752A2B9F1C3C7CF3BFC610413AFA3B4B233CAFBF87ADF32193324938852B712C94F6E8C226C75575799D2157FB2EFA862E92BB30E2367B285E401E3D52691C83DA295DD7EF3DD539A9BF324364CBEAEF328033F0569939E710434191B46752EBBEAC20EFFEEB0CB14DA2D475E10C492655D5A8CBAD60F30AA51A53A5D3A74FEB5FB2EB3A436C9394CC9F3C7952BB803652D2DCA00A3C51BD717DE3CADF7EFB4DEF106EBECE10DB24479AD0475D750E91E645F6D1D9FE8B5200989527C5E33729750008CDE81AF120B059769D21B609951BBBC18C2D5BB6682A0B39F7F3C9194ED567219D825B863F30A4B37687671463E8B29DFFADEE49FD95190292243DD2C62AE1F6A828DF41F37C47F355D276D0CD95F6275CA27EED9B94BBFB28EA98158A57C67586544072BA6BCE9C39DA4DB6D024E76166CAFE931745055D2B8B088712CD9271DE1D4D0CE64CBC432B5C993D7BB694F428F4F4EF312197DFEB58583512125C3DE2E2E2E8871FCC8D3E81B4E2A67C450B371EA4980691A27E4C561DF1103C44892B6C464D5675F7F46D2777F0F451DA0FE2AC070A2814188DF4F4E0EA9C840A26FE0E0C41B5F60AB1B88B16C9411F959EF8689194A2A6E71448B318D815E946C7EA2934C8975A4447D00DADEAD16D3D63B5BBDFA8501A35C60AA4064722159B759D210E12EE20201D695031D8AE5D3B0B363E934C9B0F264A1723CCD99F9D3DB4268FA91751CED7500946FCA1871ED2DF01A7972285F47B30E40FBD259D81845C3C266272757535CD9B37CF54595AB66C9969D0A04126F57394D1E7F79A80767BC0BF094340E3F58B397CF870D3FAF5EBED32202727C7B46EDD3AD3E4C9934DB1B1B1D68C80C4B5FF3D7FBCCA90BF8BCA52E9213217335BBCF7FAF5E500106E2B8BF38A288C86C1067AB2511A8A7EE3EFF378E7F7FEE17F3795A527D484FD66B5E32B1AF0FA507F7B3F0FAF3FEA47FF5D25444F28558D53EC0BEABE7C94B047862209FB95B814AAD12FFDD13F56158CFF176000F33697CBD4CFFA380000000049454E44AE426082'\n),\n('mysql',\nbytea E'\\\\x89504E470D0A1A0A0000000D494844520000006400000064080600000070E2955400000EA34944415478DAED9C795893471EC75FF044EBEA4A5B05EFA35AEB411F6DABD6D6D5B53E16775D745DDB6DA5ADADADCAB5A2AE552B9E68EB7A844002C8110163041441402E01E512E526DC680E4808492009011202086667262406410D016C7D9EF9E3FBBCC9E49DC99BF9CCEF37BFDFBCF38650ABD504D61F47B81330102C0C0403C1C24030102C0C0403C1C2403010DC0918081606828160612018081606828160612018081606828581602058180806F23A6BF7B5D46F083BF76AC28EC2DDE0154D4A64564FC4407E27D1EE152F201C3DD9AEB10FD67E77396E2FE1E0CE2176532B3FBD709DC197350FC1405EB1F6DD48FF92B0F7E06ADFD735B7981C88C8D84C385038843D85F3FDE544E783373336F967942C64D7CB876120832C815C614A387AB05D221FD8E89767718563E6BB5E49201C3CD9C89DD9BB7321A47927AE244632399618C8208A74276F29614FE53C608BFFF4BC730AF87566C89A1C3C38842385FDB947C4C55A0013031924ADF508F7259CDC59869C7BFC56963584423852D921B995333190C11A95C025D906261CD02FFB3A20E1D0915B997F7BF6DC0A916CF8FC93C0A53979B1FE1B96FE15063208F24C2D5D0CA32CFD324A72EE5208AA10B8ACDEEAFC444F748296F22FBF98D318C8A0588907C737BD74A17E994F7AB1D58B22AC1331F7D7118EEEEC8DFE3127319001D6DC938C44ABD35762FB5AEF049C579C28AC5DF464270C642013C5FBA5F388FF501F1A53F7FBC0DBFB094732DB27A378210632906E6BA707CF252A73833175679FA427123BA8FC2A59E3500C648074E472FA0EE217AF1C63EA72A44D43899FDC6AE69FBE1C8B810CA0E68179E4DD1341C9F2965693BED6DD0F13483B2AF7CA83CA3918C8000966E670B9E4014738C698FAA6602E31DFEF5788810C90CE24E4AE828B8BC6D6770A4EFD1186D0C602C5109ED1225746DC26BF58A3933D9E543194707463AF268507612003A091CE9EE5A1B98F66F4A78DD56EE101300C163428876020FD50514DBDD950472ABB442019D99F764A85D2117029662BEDB60B06D20F259657BF39C4D1835D0D42586D590388B6F872459F47FAE25F83A32014894265828118A9BB0FF9E34DC084ACBF7EB5E83423F60BFFB83EAF55DDADE48F8740B6D3939C301023C50120608494C1AA1D0BDF67B0056361083C6A37B5D298F6A61C0EC824ECC95C0CA41F3275A0707E8BCF5B0D5FEF094BFB8AD845AE86B772BD538B16F7DD0556BD0597F0A1FBCAE7D58DC2408CD02A7244C07497800CF8FA338F1BBEE3F7F9163B04A7FC680AE61663DAFB2532D3066EA6201CA89C45A7AFC64617712C30903E28972B1E03EFB3C79756BF0D47F6A443B42CD4514E54964368EA3663DA8441C285C4BC4FA6B9D032219815E7C318C246A5290662E816A1F0B42F2100789FE30BBF5834A1076757CC22F67A9555082423FAD3F63D76ED9FA61C094A876082B3CB67612006EAE4CDFB363BAFDEDD21553E0D5BF7DD48FB72DA617AE640B4EF7C3D652BE1E0C5B6BF9EF20D06D20F1D8ABC67E3129BBD6E20DA82AE6CFA317AAA6D40DC210CA41F0ACBAD98115951F5B63175CB4016EF76277FE9565AA2CBBFFD124ECE04010461E7C975BF9BF72106D20F65B2EAC7B2C5CD7DDA62BA9A1C1E40D8C130DA03ED865CF41B3DCA36F0F601FFAC92B905D5E2D118C82BD68A73D7826108BCE77AEAD69786BD0FB8C231E105EC29F97CF12863BE8C59536F165EC09A9209A28857FD439FB435993C696B3679D2AEE8559DAD7270549A0CCAF7AB24433B553283B796BEE7CA4880D9BF6B4C56AFF310115B5A3561F6B1A054CDC662604A409B7CA2CFF6E5A26C03E30EA04DC9A8BE3B772608EB6E14B0A60E1680C772EE6869AA2B4D1EB25E25F67D5F2DF49AAB1679BD0B34AF5709A9B3D5B2D00D4DFA6DA8240F472B324E85CAAEFDA34942FBF0491DD2075D47BDF7FE4B9E48AEAE5335261D8A6913E677DB6CDD9CF4738AC86B8E5AE43D57DD10B3B3C2D0EB5FEF1945812E6BD46ECFCAF8924713BA01B13848CB41CB033B497C621789878EA0638F46DD3768F785DB9D82A5C827C27A5AED72E38DDAEB5D3218305A0405E6CD3ED3D5B56E93D57C92A5BA863C49DDE03645DD747EAA5A7EA177A1CFBCE06D6E4D1B6D9CB89522F769A08D49A80D016843085E8BC8DD258447F7496A819BA5BA966CA91683F78A427F676D3BB2C86D55B00DF8795DF006795F7E877F66C97B63F75D2C269CBC59BFC665AFD101190F0B41070EB12773DF00C4E06B0866F41ECF32431A36FFD9BB90D849E641A8639CBDCA87C1075F401BA676EEDC9A86817FF045C658D35E43021D79C1522D09FCA4A38D49B76DE0DD794F529BBC442A485CA62F5997C435B12B153599E8A653676BA389983215C1E05D801D0D60DE7589513DBAB5B2851DB74CF9287AA5562A76C2929692101BE9F57FCA6B0038783E04D4D1C843DB4BE5B10E0502D04E0D002209FF5A68D40EFCE4FCE5F0D18713B1596B11904907FD73341D48AEFE393C7DCB94C39732D1287770E3F8A7955BBDA8B12B5915EF205707CE9F70C03FEF70E4039BA1F61E08C808470A7B309E44AAF3B352C3CE81A352C1BC6CDBD7FA6DA2C20970E42318A08DE6B4E31186D4ABBFF4D113FE058DA5A81EC52D1B28205055F58DC33E2585D3BDD28BAC7440A0521ED6FCF918986C342ECC8DF7AE6B50C20B2728B80B1CD6B573ABDE1F7E6F4B7695E80D14D681B2914E1496D642048D2DA697324A16046696CE0BCEA99C6550AC9FFF681AE56EE18750391C896EC3802460E9131D10307A8D010247B916889219F883419619B6590ADD1B02C249B21A48205AD1B3CAE73C05023AF54E05CF1CDE214393F3CE0B7CB8932F85C51BD75BE514167F1CB18B528DCE73A072C48DCDA6F9D5C2D1A8EE3340C20A59535079D713495C89FCA5BBFB261EA26521B8E07CC72BB93BB4E5529F055DAE068CEECCF36E7DFDD1ED626637208A1CEA7143EA494150A005D2CA4D1E1420DD5C160442BB57B200162E3D73F5A6E6E95472F57A6A24A5B78A9F9123FC611D5877E1A960B45BEF467EE55454EF1920B74A381335E524DE1030C7F0654D2F75658BCF04DFD45C17B9FAC8CD429D2534447FC717814E81EE434499A56E4C3B4557024B692961D82A8BE81A15039586DAB4D7159BBFD6403C53981FC0C2E822B685C64AE05CE2C1E13EB3251F3EB482C25CF83988B0E04AA8C6E4CAE6F4E6B2624AB913B4A086837243802CF95F48B816C8D1E86CDD83331D20AF688DDBC5829D8A221F748491CE243451A3A887A4899AE05C2163AC6D5556DED0016D1317BE3E402EA616BDAFFD60C6315A2A9C476047EE0E4DE9761F605B50E25ED4F1E0738BC3BE0FB4E58CACF2770607C8FD1E4F32B583B94091E379BC21DEA9401AB59D258BD95121BB05146B5F208BDECE12F9BDAF098BA12813D5ED0521D608485D110062F99A004963EA805C4C295B0C232D68056FE8E514701785A9D67AC01C732E29F7631D90EC5707E4E5D97BB3493DE373654D171469F03A1502595F3EEEF5B1103D205063F77917A36411740A35A508B9B3A331F7AD35D641E28F74A694EB9FCFC82E33088821F9497F814035261D481490272320B2B08D28536F973C0324CF4797E8B5B0E29635E65E74569447AC69A9885AA9DF56C3F54DF29E40EC4B7440226CF98300A4A81B1017743FD81D454DCBCE8584C2B2C9DA3C057494D333B7349F6721E14CD6647D20865CD807030044717BDF3D98C9230BE95A3A8113BD0E08F8AC25DFE7A0F6FCD6AAB439324F4B753D75B25A489AAC965CFFBB52E71982D7236B43612F2B7E8926C0D8CE127465EA1290B50F3A10E49EE03F1B002B3173A2B2ACA937BD74CB2CA0A378CF247ECF0302F31BCDF20A089141FDD0BC872FDDAAB9F4DCB5501D90C8BC3E3F44D32E624E90D29677F260CE42822378335ADAE868128C107645697C30F94B2FAFECE8903ED42D8876AAE426B501D65281BB250A101A6E6C963797066FA9F59801205AA040A195770F5D7F53EAD1180808C215FB2C52B7F1320C7E0CE1C9E316930E856858A7AAC1B4FB5AD601BF3C2D10EF54668FAD2EDB2EDFDE8B2040D705CFEB82B1D1E7D6D99E997BB92ECA1A0E32757DD7B4C13B8AA4B536682D8B4E3162579CBF16FC11B0047D2D3B1B12B6FC5C68A8661947E32E8FDE2CD20069950D95065BAB24412B3A25A0237B9394FE978EFA808F3B6B60A7BB69AC400A2CA29D97AEEBACC678C7122D14D899B0932557D6B44A43AC55F5E1DFB26A697F556A3B1A5A85886C01E059A0B6648CD51DBA88AFA966449DF75C14D1D5923496081723A5F455EDCFBBBEFAA04F3AE4A1D6AA0E79955963CAE144E83215391E679A32CFD01AEF1E8E21B4F906D4D984DC553DFE820274EAB8FDBE859ACE84891A993BCAD9BB9CD34B72E703E620749E9D662F5395DE964CA8DFE27356A367BC51C2072CCFD18D4D3891583D84426ACDEA8106085313B62A456874C3CE82FEBF370974AF35A1AFE49A8DBC9997D1C3229B528F47882FCE03E758A29059881613C148F79804F21B4DE78A6139E8E86A08069C07D7B47AAC3C37F2CCE4710E25B55E73356DB84FD6BB869E8203A50E7C07ACAB6406FDA02C0CB29544EF2A1051A6032BFEA68A08C9A998E9935E64051F012E174987F7665E302AFA352667EDCEE03B3B5C63B3D63EEF5161B6A461984F5AB1956F46F1C2A0FB65739FBB19B9563A22A1BCEAAD78A6C022A1506891C0144ED42A1108BAB8D9276989BD25862DE5E16B94C58C2D2D25A136CF9382C9D8D2C6BA69D35E5FF1C27B339D2D525315276199B2F0929DB28066878E408A429A5D4BE9351B6555B255FD9D3DD962B729C89AEA2E2DEF54F1EFF5EA6E1FB7484C3B6AB366A82A22C0F55D7DEEF569AF1DD591B1463F969499B7D7958D6BAFC99ADA2E2935FFC3DE5D9BEFCA8823EC48C872F785657EF57B5E4B6BDA697A6DD7C81703EB91A51D8D500FD20DAF57F283A42038882FAD7A3BA9A2FACDE40A9EF953559B27573ED5DD87BCF1D1A555136C03920E103BDCF928080039CFB5FC87D37EEF01A2280CFCA121723BAB21EAC70A49E846797B6DFE84D71608DC3E091720B5734B37A13947EF7D5780818E00465F778FE3BFF83340A9604E30DBED5569E6E0CE19E9E4C17A9146EFA6562E70A5277C4B4F74BE55C8998CFF73110B03C1C24030102C0C0403C1C24030102C0C0403C1C240B030100C040B03C140B030100C040B03C140B030102C0C0403C1C2403010ACFEE8FF8C67E5506C02F4DF0000000049454E44AE426082'\n),\n('clickhouse',\nbytea E'\\\\x89504E470D0A1A0A0000000D494844520000006400000064080600000070E295540000012A4944415478DAEDDAB10DC2301005D0A4658CB00F6C81944158295350300F4DF29118E0AE30503C2BBF3B9D2D3FA5F24DFB63DA1B59A6C24ADD9C6CC59EAF646DF4BD37CEFBAE9D8BBDD7CF592A7DB76ADFF60202040810204080000102040810204080000102040810204080000102040810204080000102040810204080000102040810204080000102040810204080000102040890EF81A406C8BFFD21A93B25D7E4520990F120E7CE1D03190FB200010204081020408000010204081020408000010204081020408078A002E209D7908321076340408000010204081020408000010204081020408000010204081020408000010204081020408000010224077966837A800C07B965837A800C07C9D7081020408000010204081020408000010204081020BF023900A4BDBEAE60C8A3B50000000049454E44AE426082'\n),\n('bigquery',\nbytea E'\\\\x89504E470D0A1A0A0000000D494844520000006400000064080600000070E29554000011794944415478DAED9D0B7853659AC7BBBBEE33CEAE8FCFB3EBECB8E3ACAB8072EB94D2D20BA5B7A449532EAB83CEC8322A3A82521168A1A597A4496F49DA022AD78228501C60803A8332C3088A88B220838328234A699B34492F48D34BEE272797BEFB7E270D6DE8855E9293B4E47D9EFF73DAE4A4F9BEF777DEF7FDBE2F5F4E43428216B4A0052D68410B5AD08216B4A0052D684163CBAACED063AECD87BE308F4F18E9550EE6F8D9B7F4C3CB76DB8BE66F747CC62BEFFA281045DA46DAF8F9F7E649BDDB3E2E6CFF593B735CB4D59128A8707C1D5FEA84D8222770E44EE09507A648DB481B495B53D73BBE5BB8C9C1257D58BAAB637C4079B6D29E1B5DE8047E79E0421848A4CDA4ED4FBC61918E0B18CF6CA17223C576E057D8B1836353A4ED9162073CF5865D0AA019BB30F69D363D304B62B7A7AD1FBB30DC227D88C00B6BD309DB836316C8D39B1D5F24CB1C631E865B1CB903E66D7428C6200A087975B725254CE818D3A9AABFD41581A9EB851DF482318764EE06DB55C1FAF103C32D0142495D6F538D29184B7799CB49211F6F30DC8A29B4010EE3DF0A7810D23FD221CF54C23D91629B7E3C468767817718857B3A7FB4703F0436945555B6EDC9B2F10BC32DD2C7A5EFD0070316C4EE33D610F90774D4F45C2B4EA66CC02B1BDF227D0CCDB743F6413BA7F25480ADD16D785FCF1C53CBE9737C720595D9EE0A092A6C64E47589F4BDFC4FD6C082F2F649DD3CA690DF2530DC9A29B4C2B68FADCF06D4F2F4B653F4BDB30AAC2DBC32FAAE03425257B890EA28FA83ED5F48DA0E8CA5F53D544EB20C1BC700B9FB942CB5C12BBB697940C0B0D0D60749D8F2CBEE6E111FFC5D434FF01B88A3574CCC915F4EEF4B960681706434C910D57EFD64F4C05F4D8FC715D280A3ABBB1E08F1418CC40A3B3EA667FB67F910B4FF145B44B773E541183DA221B2C0AA03A0EF651DC8EA2ACB137145D6AED4F220889E28B102FA0496BD4D2D661D08576EA7F8655410C4ED2AA720516AEF02F8FA1ED660A495DB77CF290A3A7F2011DF602A7F8F15185FD6DAFF3DB690A20515FE4B0B02145786E9A1D80A51620AF33605D15850E34B5CE790E753FD0884F8067D643B75C9FC339F81F8F0623B735CBCDDFE69620949551656C523925B203CDF0293B3CD90564141FA1E2B48AA6946C2C3343C5B6973C41551F0789699B94A7965ECB7D3ADA4520B3CB5C97291F8ACFAA28F66F08BB759B99122135EA5EC756CDE7A0AC2F22C102DB6C2D613565069BBA0D38C297A00A3317D6B0D5DF065BD1332F651F048260529320BB6995D38C44731D8E6253BEC4FFBEE63D90AFABA80A58E092A2C40AEF6089105369FB0C1484DAB77C073DB19A85DFC32B6A150A4C837F904C6DAFDF4BA7021C55A47A6E79A6149A5159C4EF08A5D6FB6C1843514D61E76A1CC2AB0C2D277EC655EFD589618FEE10E4105C54264609AC930C3C1F3F6411D4C92D6F5161B9CFD9E864FBFB5C097751434B50F4ECF6AEB82F99802A3C4ECA5B0348CF468096D203E141FA1FEC12B505E7E9B3AC091B2D3F8D05C0B1CFD5BFF30CC74179C41E72FADBC09616BD4F0F07235FCFC65D52D3DFAAA1A120B9AA0F0B00EEA5A064E738BB6D2CEA4520A4762EC444972A9195EDA69FE60D420C822D986E3D6886939142B85FCD14C33ECFDAC7F189F5DA5E0BF97AB20725D23248A9B2159D2BF92C873E22678245D05734B5B068432A7D004AE4551760A7C688E1984476C7346FCF586D7FF62638E18E227F8720C6F1C72FA52645E91F9AEA55FE7655569190773D1E11CE278F19D9552D80CD1394D3075B5063EFA86EAB7D8FF629D1EE66FA07DDE372232189ABB9E3AD3BB0C0CDBD6FF997E6E96C8CC42632D3071ADB9CF70D68125818B577BD81A8D2B02C4C317AFA819FE6D89128E9C33F68172F482012666E881197DB10085F8B2B09ACE1CD1671D47CE39EE8D14995BF87202C4B70ACF33C27B17FA5EC519BBB5303B4F031C84923C0A71258D30E935155C52F4AD2B734B9B7AD28B8FFB2928374384D0D2FAC609FAC7C3FECC644595253DA9C4E4F346A661233952731F47557DAA676AC69D9CCD91F468F0739B99C2AF337B8EC4CE7E47C18C354A48959BBA23C5B7FD257D5DBEDB2A1E3208B29D456774DE1F2DF63D0CA21889095EFFB3D5C3494ECC5CA1991A482D6E1ED4C9B3F31A9974461491A561EAC660E7CF1136C2C6633A8FF732589C3069851AA350C34A941045E41BE1EB0678E88EB5A4BAFA3BE6C82B3357A7C8CCAC346E42A611AE6AECB74587C1553706716E2CC220C55ED56A03E54D1B7C7ED5025356A9EF18298FAF548389F2AC55EBF6B5C24C049A54A071B5CBC760886F7972CB07BDD70807B48F2F591F2643423660F0642688C508714DF37A8C38352EBF7150C746E76AA0F050FBADD7D4B6D0307185EA8E40C8397B4FEB3DDEEFB2D206D333D4CCF349056A6C9BC9E75048063A708E9A7EC79435AFC2F44D22533B7C2F4EA9095EDCE999AE5A3AEC4CAE278538593CB00810C9A1B67E800CFEBAC4824658F4FACD3E352B6A5DCF6B5D50DCCEF34DDF497DC67950CDA0302A3FA11F9825329A53CBD801928C40A4EFD31E8EF9BBCA0A8FBDAAB8E51C0E8AE4FEB87C0DA6290D24885C8F8D14484A6123C48B9AFA4E14851A8F8BA027527C0385F8187D4DC98F51037F45EEB91DB6C9B16293832D2009452638F637CF0839F6A519AF56F52DC7C461AD7871EB0FB062572BAC7E470BBFDAD0C240192910E2F4E81C751F20FC627CAED0F3DCA40215B6D3E813286454175F6472FE7AB365CA8040F084F0B472232B3088128B4D70F21BCF083972DE0851391A260A88F31EC519FA17353D73947D381C9E95AD8298018090D730AFED254E2FA5E0F391D98D7D80084A5CD1C3B9EDFC6491B2BBD07B1F0A576A8227365A660C0864D116D3D4D912935350664082BE17C9A307CE7A2E977C720567B4D94A742449211A98905E0FE7AEF59C5375DA0564766E03487EAFED05C486C3D77A74B86BB4F45445333CDD2D417113F31819DAA61462EACBED1B21BCA246E6B5E49CDB952C6AC0F6EA9934E3CDFE2797189DBFDA64993A20902D1FD97E1225325AD802C2293580F0F7260FC75C6BA2E191E50A06861BC8F96100E1E1553E638D0AEC8E9E919BF4BD0E08CB6C609CCB2B74E9769B9DA71E10881B8ACB2F46AFF49DFC2D52434A3FA0FFF30E3B4A4CDF1347B101842B35C0339B3D6B489BC1C10049918C2C420890F0B52A30523D33F2E223ED30A31B48BC4803AF54FEE0B9AC6FEDC2D73430EF3710909E48412065A387C29319712E62D50C614111C2482A6103085178AE0E1DE2B99CB1F8CD16AC112A266D4D4C57C0C55A6A5440F27ED70633D7BA80FCD7B27A3875C573DDECC3CB1608CD500E0AC3DBE92B4E6280EDA7AD0943DA59C297193E4C65296D4DC8D0C3F91ACFC24E52545826A9236A66382A3AD0360C206A08C79445964488FDA073C0E3AF29805F441CAA6640DF6E64E41693A3629E1F8A48A177B5DF38E274C597E93FEDBD697DD08F6CCFD4C04333F374AC0041F890F53B531F27258A548C130994C9E8D0CA139DCCE37B8701C4E6008C0C1524E39C822B713D7EEA8AE742E64D04F6683A4991EA210371416970F5619891224045E475C2FE73B629BF3C3C8C6FF0AED86B2D4C2EF13D90B47203C4888DE0707A2E9F7CABB6C2434B6B995A928A601E43671F3C6B80C3E70C1099353810028C0C839F9437416CF7951F97A7C2F94D03D8EC9EEF73E8FFF0FD731A8605C333528697BE487D5EFA0EBD75584BEF6463D7B693F4BF627ED71287F91A4AB4C8003907E93E51F2FE5F4D10BA5AC18C8AC8151EBA5A89205C0E8EBD0D485D3710721E17CF7F1407039C0297E3F8F87B2816F5FE2C2CA38189A09100E981621C52FA22BE8C14EA3B8A8EDAEF1BD147B979876D6B670975AC44C9D42C1DB4747675DDBE056EF3713DFCECA55A985B426A00493F0804958429EDE9F54DF0F6C73A78F78C1E4A0EB7E1954EEA8EEB79722EF9999C47224DD3D6F7B3FA82035A4C694AD7F9A3927248E92B4AA4838C77A9917DF5CDFD35DFB9659DE705657A16A018B1D819C1D9D57757E2F14B26AC23F59872305A242E2770C50D90206C601E7F2CBD0EEB03794ED3FD9C0BC8F4550A5820D580A56FF041539B037EFAE275482BD67801085E2822852B7D0D102969E57AD2C7CBDDDB8146BEF344FC073A7E5A562716238C14996F9550A883E7B71906DC22BA6CFB4DF88F176B99FA31A073308D4C431013D36B31E51907DDA7B572D70D98BA4AE91520B7A0C8BA2FDE5EFD22BE0BCBC1E8D86FE37B655FD6F39596939C52BDCF81A4E1151625D2C38ADD033BB21153CFD10B465886933B52F023707E11B196D41635464323141C6C870BD7290438B41D8DA5D55A988EB5894746595E81A204BE54C744BBBB5FC477CF6C365DF00A0C7778458B3A4D692C44491AA64752B75EA834F499300EB68B7168DB496970F673F2F21D2DCCE02145EC2D28F508A5934961A43FB1057A6B41E9C57BE2F77AF14635CBF7D0B22861BBCF81B8C5931A61CA1A2D5C558F7CA3756F2323B207965C8737FFD4D1EFF3B9EFB6C29415754C6DE2147843AEF4152DEA80DF6C3356F6FE88DC6BC6971B6EB011253DB9D700D3D6B4C2C2320D9386466264421999DD00E199F5389F51C3241C00E4EF6FEDF7DC922398BE56E1D55DA8F21A144E89CE77F7965DB4D5BC304AC84E81BF250C7B81AC1D1EC41111994DEFF944076AAD1D3A4C4E26A5910DD4A45E507834504E6647E2570A2B6455E1158F23B0D0D5385994F43889FC3C192361CBF1FE23E5951D3760468662D430B8A8C86C25FC52AE79C9A7370A78EA0DFD57489D3D2032D73C4820EB80F8BC5A9C716347D72A60F24A25FC2253C9CC3DE2F370488C9D2723A6692BC9CF0A9893A7649637FA7516A6A51919F53800681D100A995B8C06483CBE7F4A8152E3F31B099CBA6AFFF96C71A7334D8E454BC6A23052F8D2367432C9F3A400BB948C8E23E28A95B71EE392547107A548943061792D8EB2DAFAECD322C0B80C10C58844FE7654563D1CFF1626B2F2C5CFB972EDD124264AFC032549583B6267F5164FE28AA80DEFBBB613E9CD4E9CBFD4417CFEE8FE6E42BE92E82F2CDEC501FE39A9A8031DD4E927281D5E8342222B146BC6CB953798BC9F20540E29C2065354761D5CB9617F80D51B07BCB6C7F89B84C28E2E81DFA0B8D29737A09014139B53DF33321A85E272EBE1F94DCDE97EB8D709FC283CB7CD289093B9893FD4097C3C7A2B52BC126D5877A6AEAC33B7E9E13EBFDC80A6F213E79C7889961996FA030A894E267D792952462B32FA93BED7B6D02F30DC5F864787FC31852C13F8090A19EDF14BB57E879224529061F969F76D0FFD626489FE4A3D3D015397DF80B82325D58BA3AF9168CACA3A387A19C202E2367F2FBFA5AF4829F13F14A6A63091A264373A840AF8ED96E69D010183FC4BA392638EFB2272B5ED023F027141C1A178E94DE0086B582CE4F510BAEA9A7EF5EEE6FBF79C0AA07F20B6F9A47D51B4D055E0FD2A8C1401A62F4EFE3574569DCF3533B386AC242F0B0924737F859A2FEDFC7A6E597B4040492D6D05AEA8D6A730F8923A4C574A664D7DC1DE00BB293F09D7FC6A47F28C9C008892EEF44522C557505250D35EBB0EBFDDDABCC07DABF580B4656F19AAB958E08933FC2E19D614A9D627E92B21AF16166D501F0B09642337579999A5B9273ABFD53C4F1E2850305A08142CF45CB252EC05F1C47510B1A6862A3D74E3FE90908921016F4B765AB744E56B030348371452539848F10290595975F0A454B53F642C59AA5CA74A93B5051414A6A63091523F621829181D1C91827C6BF41FC7149025DB3A9E8C11B6429A54CBA48C80105E20FC921FBAD357EDB09552500BE119D7E07F37AA9E0D198BF6E446DDF7DCE20002D20D2555EA4E5FC30392947F1D1285F5ED2163D5F67C6E7B2846A8ED9A2B0B3428ED2E28C3881452C867ADAD85D2236D93C62C10CCB3210B37B46F8AC5D4155040DCE9AB14D357FED0A04465D5C09CDCBA2AD2A7316F0B2ADADE9C2DC27A126891226DEB99A70C523762B26BE0D7EB9B76858C0773FF0FF2FFA9E85C3C5FDEAA4D2E6A8504712BA494B402AF44EB7F95B6414AF10D26529285B58C12F2AE435C4E0D239EB85E9B2452BC40FA10D033F2E15AC18156E65871541FFBC24EE3AE0515BA0B4F946B2F058AE6491BBF4A2BAC6734BF587179D146CDAEEC03FA94DE6D1F779653A51DB3111EB4A0052D68410B5AD08216B4B16CFF0FE157C1C8C105C9210000000049454E44AE426082'\n)) as icons(name, contents)\nON prods.product_root = icons.name\nWHERE NOT EXISTS (SELECT data_source_product_id FROM data_source_product_icons)\n;		applied	
20	f1c527b10098fcdcc975155c45897ad4734f521b	2019-01-09 15:06:16.112	update saved_queries set base = jsonb_set(\nbase::jsonb,\n'{type}',\nCASE\nWHEN base::jsonb @> '{"type":"Olap"}'::jsonb THEN '"Aggregate"'::jsonb\nWHEN base::jsonb @> '{"type":"Entity"}'::jsonb THEN '"Record"'::jsonb\nELSE base::jsonb->'type'\nEND\n);\n\nupdate query_history set query = CASE\nWHEN type = 'Schema' THEN (\njsonb_set(\nquery::jsonb,\n'{type}',\nCASE\nWHEN query::jsonb @> '{"type":"Olap"}'::jsonb THEN '"Aggregate"'::jsonb\nWHEN query::jsonb @> '{"type":"Entity"}'::jsonb THEN '"Record"'::jsonb\nELSE query::jsonb->'type'\nEND\n)\n)::varchar\nELSE query\nEND;		applied	
21	94d6d91f4dd5a5d04274c5b62e683ed6e8544220	2019-01-09 15:06:16.136	ALTER TABLE saved_queries RENAME COLUMN base TO query;		applied	
22	1473b24658f31e661085ff206714dde742bc71a2	2019-01-09 15:06:16.146	--- This migration will break most of the existing data sources.\n\nUPDATE data_source_products SET type=product_root where is_bundled = true AND product_root NOT IN ('', 'bigquery');\n\n--adding hana\nINSERT INTO data_source_products VALUES(true, 'hana', 'com.sap.db.jdbc.Driver',  uuid_generate_v4(), 'SAP Hana', null, 'hana');\n\n--removing product properties for bundled products\nDELETE\nFROM data_source_product_properties\nWHERE data_source_product_id IN (SELECT data_source_product_id from data_source_products where is_bundled=true);\n\n\n--setting up product properties for bundled products\nWITH bundledProducts AS (SELECT data_source_product_id as id, product_root as root from data_source_products where is_bundled=true)\nINSERT\nINTO data_source_product_properties\nVALUES\n-----------------------------------------------------------------------postgresql\n(\nuuid_generate_v4(),\n(SELECT id FROM bundledProducts WHERE root='postgresql'),\n'host',\n'text',\n1\n)\n,\n(\nuuid_generate_v4(),\n(SELECT id FROM bundledProducts WHERE root='postgresql'),\n'port',\n'text',\n2\n),\n(\nuuid_generate_v4(),\n(SELECT id FROM bundledProducts WHERE root='postgresql'),\n'database',\n'text',\n3\n)\n,\n(\nuuid_generate_v4(),\n(SELECT id FROM bundledProducts WHERE root='postgresql'),\n'schema',\n'text',\n4\n)\n,\n(\nuuid_generate_v4(),\n(SELECT id FROM bundledProducts WHERE root='postgresql'),\n'username',\n'text',\n5\n)\n,\n(\nuuid_generate_v4(),\n(SELECT id FROM bundledProducts WHERE root='postgresql'),\n'password',\n'password',\n6\n)\n,\n-----------------------------------------------------------------------clickhouse\n(\nuuid_generate_v4(),\n(SELECT id FROM bundledProducts WHERE root='clickhouse'),\n'host',\n'text',\n1\n)\n,\n(\nuuid_generate_v4(),\n(SELECT id FROM bundledProducts WHERE root='clickhouse'),\n'port',\n'text',\n2\n)\n,\n(\nuuid_generate_v4(),\n(SELECT id FROM bundledProducts WHERE root='clickhouse'),\n'database',\n'text',\n3\n)\n,\n(\nuuid_generate_v4(),\n(SELECT id FROM bundledProducts WHERE root='clickhouse'),\n'username',\n'text',\n4\n)\n,\n(\nuuid_generate_v4(),\n(SELECT id FROM bundledProducts WHERE root='clickhouse'),\n'password',\n'password',\n5\n),\n-----------------------------------------------------------------------mysql\n(\nuuid_generate_v4(),\n(SELECT id FROM bundledProducts WHERE root='mysql'),\n'host',\n'text',\n1\n)\n,\n(\nuuid_generate_v4(),\n(SELECT id FROM bundledProducts WHERE root='mysql'),\n'port',\n'text',\n2\n)\n,\n(\nuuid_generate_v4(),\n(SELECT id FROM bundledProducts WHERE root='mysql'),\n'database',\n'text',\n3\n)\n,\n(\nuuid_generate_v4(),\n(SELECT id FROM bundledProducts WHERE root='mysql'),\n'protocol',\n'text',\n4\n)\n,\n(\nuuid_generate_v4(),\n(SELECT id FROM bundledProducts WHERE root='mysql'),\n'username',\n'text',\n5\n)\n,\n(\nuuid_generate_v4(),\n(SELECT id FROM bundledProducts WHERE root='mysql'),\n'password',\n'password',\n6\n),\n-----------------------------------------------------------------------hana\n(\nuuid_generate_v4(),\n(SELECT id FROM bundledProducts WHERE root='hana'),\n'host',\n'text',\n1\n)\n,\n(\nuuid_generate_v4(),\n(SELECT id FROM bundledProducts WHERE root='hana'),\n'port',\n'text',\n2\n)\n,\n(\nuuid_generate_v4(),\n(SELECT id FROM bundledProducts WHERE root='hana'),\n'database',\n'text',\n3\n)\n,\n(\nuuid_generate_v4(),\n(SELECT id FROM bundledProducts WHERE root='hana'),\n'schema',\n'text',\n4\n)\n,\n(\nuuid_generate_v4(),\n(SELECT id FROM bundledProducts WHERE root='hana'),\n'username',\n'text',\n5\n)\n,\n(\nuuid_generate_v4(),\n(SELECT id FROM bundledProducts WHERE root='hana'),\n'password',\n'password',\n6\n);		applied	
\.


--
-- Data for Name: play_evolutions_lock; Type: TABLE DATA; Schema: public; Owner: -
--

COPY play_evolutions_lock (lock) FROM stdin;
1
\.


--
-- Data for Name: principal_permissions; Type: TABLE DATA; Schema: public; Owner: -
--

COPY principal_permissions (permission_id, principal_id, role_id, resource_id) FROM stdin;
\.


--
-- Data for Name: query_history; Type: TABLE DATA; Schema: public; Owner: -
--

COPY query_history (query_history_id, started_at, query, completion_status, completed_at, plan, backend_logical_plan, backend_physical_plan, catalog_id, custom_reference, data_source_id, schema_id, type) FROM stdin;
\.


--
-- Data for Name: role_actions; Type: TABLE DATA; Schema: public; Owner: -
--

COPY role_actions (role_id, action_type) FROM stdin;
665e2595-eb90-4176-b4d5-04e0ff0eecc6	Edit
284d7953-9a79-4a1d-84e8-8b0a2e3d2133	Edit
d4267f8c-296c-4e45-adbc-19986613e3e6	Edit
665e2595-eb90-4176-b4d5-04e0ff0eecc6	Delete
a3b7a7ba-c9c1-4640-9368-b043a5751a03	Read
d4267f8c-296c-4e45-adbc-19986613e3e6	Delete
48de038b-ccdf-4e50-a82f-a70b20fc6b73	Grant
48de038b-ccdf-4e50-a82f-a70b20fc6b73	Read
a3b7a7ba-c9c1-4640-9368-b043a5751a03	Grant
284d7953-9a79-4a1d-84e8-8b0a2e3d2133	Delete
284d7953-9a79-4a1d-84e8-8b0a2e3d2133	Read
48de038b-ccdf-4e50-a82f-a70b20fc6b73	Delete
d4267f8c-296c-4e45-adbc-19986613e3e6	Grant
284d7953-9a79-4a1d-84e8-8b0a2e3d2133	Grant
d4267f8c-296c-4e45-adbc-19986613e3e6	Read
a3b7a7ba-c9c1-4640-9368-b043a5751a03	Delete
665e2595-eb90-4176-b4d5-04e0ff0eecc6	Read
665e2595-eb90-4176-b4d5-04e0ff0eecc6	Grant
a3b7a7ba-c9c1-4640-9368-b043a5751a03	Edit
48de038b-ccdf-4e50-a82f-a70b20fc6b73	Edit
b0b94830-7119-40eb-96e7-f273a623ba37	Delete
6e47330f-fcab-4456-a863-a9ed37893a84	Read
e874418a-eb5e-4b15-ad3c-6e7a0f3281a5	Edit
0dd3b739-24aa-48b6-b37f-6cc413c518b2	Delete
a026ed07-7c70-4d0f-9685-514ee91a2b49	Delete
e874418a-eb5e-4b15-ad3c-6e7a0f3281a5	Read
6e47330f-fcab-4456-a863-a9ed37893a84	Edit
0dd3b739-24aa-48b6-b37f-6cc413c518b2	Edit
e874418a-eb5e-4b15-ad3c-6e7a0f3281a5	Delete
a026ed07-7c70-4d0f-9685-514ee91a2b49	Read
b0b94830-7119-40eb-96e7-f273a623ba37	Edit
0dd3b739-24aa-48b6-b37f-6cc413c518b2	Read
6e47330f-fcab-4456-a863-a9ed37893a84	Delete
b0b94830-7119-40eb-96e7-f273a623ba37	Read
a026ed07-7c70-4d0f-9685-514ee91a2b49	Edit
fa7d6d6d-1034-4993-afdf-a85f710275df	Read
5640a9af-127a-43b1-af19-37f06fca72a4	Read
27c2b774-1ba6-4b89-94fc-e1dd80b38fc7	Read
b39a3f05-abb9-47f2-97e4-7949a0697b3f	Read
8e3e3c72-5dbb-412c-ae7a-50441674ae41	Read
\.


--
-- Data for Name: roles; Type: TABLE DATA; Schema: public; Owner: -
--

COPY roles (role_id, resource_type, name) FROM stdin;
48de038b-ccdf-4e50-a82f-a70b20fc6b73	Catalog	Owner
d4267f8c-296c-4e45-adbc-19986613e3e6	Schema	Owner
665e2595-eb90-4176-b4d5-04e0ff0eecc6	DataSource	Owner
284d7953-9a79-4a1d-84e8-8b0a2e3d2133	SavedQuery	Owner
e874418a-eb5e-4b15-ad3c-6e7a0f3281a5	Catalog	Editor
6e47330f-fcab-4456-a863-a9ed37893a84	Schema	Editor
0dd3b739-24aa-48b6-b37f-6cc413c518b2	DataSource	Editor
b0b94830-7119-40eb-96e7-f273a623ba37	SavedQuery	Editor
fa7d6d6d-1034-4993-afdf-a85f710275df	Catalog	Reader
5640a9af-127a-43b1-af19-37f06fca72a4	Schema	Reader
27c2b774-1ba6-4b89-94fc-e1dd80b38fc7	DataSource	Reader
b39a3f05-abb9-47f2-97e4-7949a0697b3f	SavedQuery	Reader
a3b7a7ba-c9c1-4640-9368-b043a5751a03	DataSourceProduct	Owner
a026ed07-7c70-4d0f-9685-514ee91a2b49	DataSourceProduct	Editor
8e3e3c72-5dbb-412c-ae7a-50441674ae41	DataSourceProduct	Reader
\.


--
-- Data for Name: saved_queries; Type: TABLE DATA; Schema: public; Owner: -
--

COPY saved_queries (schema_id, query, saved_query_id, catalog_id, name, description) FROM stdin;
\.


--
-- Data for Name: schema_usages; Type: TABLE DATA; Schema: public; Owner: -
--

COPY schema_usages (parent_id, child_id) FROM stdin;
\.


--
-- Data for Name: schemas; Type: TABLE DATA; Schema: public; Owner: -
--

COPY schemas (name, description, psl, catalog_id, backend_config_id, schema_id) FROM stdin;
\.


--
-- Data for Name: tbls; Type: TABLE DATA; Schema: public; Owner: -
--

COPY tbls (tbl_id, data_source_id, name, display_name, description, params) FROM stdin;
\.


--
-- Name: tbls_tbl_id_seq; Type: SEQUENCE SET; Schema: public; Owner: -
--

SELECT pg_catalog.setval('tbls_tbl_id_seq', 1, false);


--
-- Name: backend_configs backend_configs_pkey; Type: CONSTRAINT; Schema: public; Owner: -
--

ALTER TABLE ONLY backend_configs
    ADD CONSTRAINT backend_configs_pkey PRIMARY KEY (backend_config_id);


--
-- Name: catalogs catalogs_pkey; Type: CONSTRAINT; Schema: public; Owner: -
--

ALTER TABLE ONLY catalogs
    ADD CONSTRAINT catalogs_pkey PRIMARY KEY (catalog_id);


--
-- Name: cols cols_pkey; Type: CONSTRAINT; Schema: public; Owner: -
--

ALTER TABLE ONLY cols
    ADD CONSTRAINT cols_pkey PRIMARY KEY (tbl_col_id);


--
-- Name: constraint_col_lists constraint_col_lists_pkey; Type: CONSTRAINT; Schema: public; Owner: -
--

ALTER TABLE ONLY constraint_col_lists
    ADD CONSTRAINT constraint_col_lists_pkey PRIMARY KEY (col_list_id);


--
-- Name: constraint_cols constraint_cols_pkey; Type: CONSTRAINT; Schema: public; Owner: -
--

ALTER TABLE ONLY constraint_cols
    ADD CONSTRAINT constraint_cols_pkey PRIMARY KEY (col_id);


--
-- Name: data_sources data_source_pkey; Type: CONSTRAINT; Schema: public; Owner: -
--

ALTER TABLE ONLY data_sources
    ADD CONSTRAINT data_source_pkey PRIMARY KEY (data_source_id);


--
-- Name: data_source_product_icons data_source_product_icons_pkey; Type: CONSTRAINT; Schema: public; Owner: -
--

ALTER TABLE ONLY data_source_product_icons
    ADD CONSTRAINT data_source_product_icons_pkey PRIMARY KEY (data_source_product_id);


--
-- Name: data_source_product_properties data_source_product_properties_pkey; Type: CONSTRAINT; Schema: public; Owner: -
--

ALTER TABLE ONLY data_source_product_properties
    ADD CONSTRAINT data_source_product_properties_pkey PRIMARY KEY (data_source_product_property_id);


--
-- Name: data_sources data_sources_catalog_id_name_key; Type: CONSTRAINT; Schema: public; Owner: -
--

ALTER TABLE ONLY data_sources
    ADD CONSTRAINT data_sources_catalog_id_name_key UNIQUE (catalog_id, name);


--
-- Name: data_source_product_jars jdbc_product_jars_pkey; Type: CONSTRAINT; Schema: public; Owner: -
--

ALTER TABLE ONLY data_source_product_jars
    ADD CONSTRAINT jdbc_product_jars_pkey PRIMARY KEY (data_source_product_id, name);


--
-- Name: data_source_products jdbc_product_pkey; Type: CONSTRAINT; Schema: public; Owner: -
--

ALTER TABLE ONLY data_source_products
    ADD CONSTRAINT jdbc_product_pkey PRIMARY KEY (data_source_product_id);


--
-- Name: data_source_products jdbc_products_product_root_key; Type: CONSTRAINT; Schema: public; Owner: -
--

ALTER TABLE ONLY data_source_products
    ADD CONSTRAINT jdbc_products_product_root_key UNIQUE (product_root);


--
-- Name: key_constraints key_constraints_pkey; Type: CONSTRAINT; Schema: public; Owner: -
--

ALTER TABLE ONLY key_constraints
    ADD CONSTRAINT key_constraints_pkey PRIMARY KEY (key_constraint_id);


--
-- Name: play_evolutions_lock play_evolutions_lock_pkey; Type: CONSTRAINT; Schema: public; Owner: -
--

ALTER TABLE ONLY play_evolutions_lock
    ADD CONSTRAINT play_evolutions_lock_pkey PRIMARY KEY (lock);


--
-- Name: play_evolutions play_evolutions_pkey; Type: CONSTRAINT; Schema: public; Owner: -
--

ALTER TABLE ONLY play_evolutions
    ADD CONSTRAINT play_evolutions_pkey PRIMARY KEY (id);


--
-- Name: principal_permissions principal_permissions_pkey; Type: CONSTRAINT; Schema: public; Owner: -
--

ALTER TABLE ONLY principal_permissions
    ADD CONSTRAINT principal_permissions_pkey PRIMARY KEY (permission_id);


--
-- Name: principal_permissions principal_permissions_principal_id_role_id_resource_id_key; Type: CONSTRAINT; Schema: public; Owner: -
--

ALTER TABLE ONLY principal_permissions
    ADD CONSTRAINT principal_permissions_principal_id_role_id_resource_id_key UNIQUE (principal_id, role_id, resource_id);


--
-- Name: query_history query_history_pkey; Type: CONSTRAINT; Schema: public; Owner: -
--

ALTER TABLE ONLY query_history
    ADD CONSTRAINT query_history_pkey PRIMARY KEY (query_history_id);


--
-- Name: role_actions role_actions_pkey; Type: CONSTRAINT; Schema: public; Owner: -
--

ALTER TABLE ONLY role_actions
    ADD CONSTRAINT role_actions_pkey PRIMARY KEY (role_id, action_type);


--
-- Name: roles roles_pkey; Type: CONSTRAINT; Schema: public; Owner: -
--

ALTER TABLE ONLY roles
    ADD CONSTRAINT roles_pkey PRIMARY KEY (role_id);


--
-- Name: roles roles_resource_type_name_key; Type: CONSTRAINT; Schema: public; Owner: -
--

ALTER TABLE ONLY roles
    ADD CONSTRAINT roles_resource_type_name_key UNIQUE (resource_type, name);


--
-- Name: saved_queries saved_queries_pkey; Type: CONSTRAINT; Schema: public; Owner: -
--

ALTER TABLE ONLY saved_queries
    ADD CONSTRAINT saved_queries_pkey PRIMARY KEY (saved_query_id);


--
-- Name: schemas schema_pkey; Type: CONSTRAINT; Schema: public; Owner: -
--

ALTER TABLE ONLY schemas
    ADD CONSTRAINT schema_pkey PRIMARY KEY (schema_id);


--
-- Name: schemas schemas_catalog_id_name_key; Type: CONSTRAINT; Schema: public; Owner: -
--

ALTER TABLE ONLY schemas
    ADD CONSTRAINT schemas_catalog_id_name_key UNIQUE (catalog_id, name);


--
-- Name: tbls tbls_pkey; Type: CONSTRAINT; Schema: public; Owner: -
--

ALTER TABLE ONLY tbls
    ADD CONSTRAINT tbls_pkey PRIMARY KEY (tbl_id);


--
-- Name: backend_configs backend_configs_catalog_id_fkey; Type: FK CONSTRAINT; Schema: public; Owner: -
--

ALTER TABLE ONLY backend_configs
    ADD CONSTRAINT backend_configs_catalog_id_fkey FOREIGN KEY (catalog_id) REFERENCES catalogs(catalog_id);


--
-- Name: catalogs catalogs_backend_config_id_fkey; Type: FK CONSTRAINT; Schema: public; Owner: -
--

ALTER TABLE ONLY catalogs
    ADD CONSTRAINT catalogs_backend_config_id_fkey FOREIGN KEY (backend_config_id) REFERENCES backend_configs(backend_config_id);


--
-- Name: cols cols_tbl_id_fkey; Type: FK CONSTRAINT; Schema: public; Owner: -
--

ALTER TABLE ONLY cols
    ADD CONSTRAINT cols_tbl_id_fkey FOREIGN KEY (tbl_id) REFERENCES tbls(tbl_id);


--
-- Name: constraint_cols constraint_cols_col_list_id_fkey; Type: FK CONSTRAINT; Schema: public; Owner: -
--

ALTER TABLE ONLY constraint_cols
    ADD CONSTRAINT constraint_cols_col_list_id_fkey FOREIGN KEY (col_list_id) REFERENCES constraint_col_lists(col_list_id);


--
-- Name: data_source_links data_source_links_data_source_id_fkey; Type: FK CONSTRAINT; Schema: public; Owner: -
--

ALTER TABLE ONLY data_source_links
    ADD CONSTRAINT data_source_links_data_source_id_fkey FOREIGN KEY (data_source_id) REFERENCES data_sources(data_source_id);


--
-- Name: data_source_links data_source_links_schema_id_fkey; Type: FK CONSTRAINT; Schema: public; Owner: -
--

ALTER TABLE ONLY data_source_links
    ADD CONSTRAINT data_source_links_schema_id_fkey FOREIGN KEY (schema_id) REFERENCES schemas(schema_id);


--
-- Name: data_source_product_icons data_source_product_icons_data_source_product_id_fkey; Type: FK CONSTRAINT; Schema: public; Owner: -
--

ALTER TABLE ONLY data_source_product_icons
    ADD CONSTRAINT data_source_product_icons_data_source_product_id_fkey FOREIGN KEY (data_source_product_id) REFERENCES data_source_products(data_source_product_id) ON DELETE CASCADE;


--
-- Name: data_source_product_properties data_source_product_properties_data_source_product_id_fkey; Type: FK CONSTRAINT; Schema: public; Owner: -
--

ALTER TABLE ONLY data_source_product_properties
    ADD CONSTRAINT data_source_product_properties_data_source_product_id_fkey FOREIGN KEY (data_source_product_id) REFERENCES data_source_products(data_source_product_id);


--
-- Name: data_sources data_sources_catalog_id_fkey; Type: FK CONSTRAINT; Schema: public; Owner: -
--

ALTER TABLE ONLY data_sources
    ADD CONSTRAINT data_sources_catalog_id_fkey FOREIGN KEY (catalog_id) REFERENCES catalogs(catalog_id);


--
-- Name: data_sources data_sources_jdbc_product_id_fkey; Type: FK CONSTRAINT; Schema: public; Owner: -
--

ALTER TABLE ONLY data_sources
    ADD CONSTRAINT data_sources_jdbc_product_id_fkey FOREIGN KEY (data_source_product_id) REFERENCES data_source_products(data_source_product_id);


--
-- Name: saved_queries fk_schema_id; Type: FK CONSTRAINT; Schema: public; Owner: -
--

ALTER TABLE ONLY saved_queries
    ADD CONSTRAINT fk_schema_id FOREIGN KEY (schema_id) REFERENCES schemas(schema_id) ON DELETE CASCADE;


--
-- Name: data_source_product_jars jdbc_product_jars_jdbc_product_id_fkey; Type: FK CONSTRAINT; Schema: public; Owner: -
--

ALTER TABLE ONLY data_source_product_jars
    ADD CONSTRAINT jdbc_product_jars_jdbc_product_id_fkey FOREIGN KEY (data_source_product_id) REFERENCES data_source_products(data_source_product_id);


--
-- Name: key_constraints key_constraints_child_col_list_id_fkey; Type: FK CONSTRAINT; Schema: public; Owner: -
--

ALTER TABLE ONLY key_constraints
    ADD CONSTRAINT key_constraints_child_col_list_id_fkey FOREIGN KEY (child_col_list_id) REFERENCES constraint_col_lists(col_list_id);


--
-- Name: key_constraints key_constraints_child_tbl_id_fkey; Type: FK CONSTRAINT; Schema: public; Owner: -
--

ALTER TABLE ONLY key_constraints
    ADD CONSTRAINT key_constraints_child_tbl_id_fkey FOREIGN KEY (child_tbl_id) REFERENCES tbls(tbl_id);


--
-- Name: key_constraints key_constraints_parent_col_list_id_fkey; Type: FK CONSTRAINT; Schema: public; Owner: -
--

ALTER TABLE ONLY key_constraints
    ADD CONSTRAINT key_constraints_parent_col_list_id_fkey FOREIGN KEY (parent_col_list_id) REFERENCES constraint_col_lists(col_list_id);


--
-- Name: key_constraints key_constraints_parent_tbl_id_fkey; Type: FK CONSTRAINT; Schema: public; Owner: -
--

ALTER TABLE ONLY key_constraints
    ADD CONSTRAINT key_constraints_parent_tbl_id_fkey FOREIGN KEY (parent_tbl_id) REFERENCES tbls(tbl_id);


--
-- Name: principal_permissions principal_permissions_role_id_fkey; Type: FK CONSTRAINT; Schema: public; Owner: -
--

ALTER TABLE ONLY principal_permissions
    ADD CONSTRAINT principal_permissions_role_id_fkey FOREIGN KEY (role_id) REFERENCES roles(role_id);


--
-- Name: query_history query_history_catalog_id_fkey; Type: FK CONSTRAINT; Schema: public; Owner: -
--

ALTER TABLE ONLY query_history
    ADD CONSTRAINT query_history_catalog_id_fkey FOREIGN KEY (catalog_id) REFERENCES catalogs(catalog_id);


--
-- Name: role_actions role_actions_role_id_fkey; Type: FK CONSTRAINT; Schema: public; Owner: -
--

ALTER TABLE ONLY role_actions
    ADD CONSTRAINT role_actions_role_id_fkey FOREIGN KEY (role_id) REFERENCES roles(role_id);


--
-- Name: saved_queries saved_queries_catalog_id_fkey; Type: FK CONSTRAINT; Schema: public; Owner: -
--

ALTER TABLE ONLY saved_queries
    ADD CONSTRAINT saved_queries_catalog_id_fkey FOREIGN KEY (catalog_id) REFERENCES catalogs(catalog_id);


--
-- Name: schema_usages schema_usages_child_id_fkey; Type: FK CONSTRAINT; Schema: public; Owner: -
--

ALTER TABLE ONLY schema_usages
    ADD CONSTRAINT schema_usages_child_id_fkey FOREIGN KEY (child_id) REFERENCES schemas(schema_id);


--
-- Name: schema_usages schema_usages_parent_id_fkey; Type: FK CONSTRAINT; Schema: public; Owner: -
--

ALTER TABLE ONLY schema_usages
    ADD CONSTRAINT schema_usages_parent_id_fkey FOREIGN KEY (parent_id) REFERENCES schemas(schema_id);


--
-- Name: schemas schemas_backend_config_id_fkey; Type: FK CONSTRAINT; Schema: public; Owner: -
--

ALTER TABLE ONLY schemas
    ADD CONSTRAINT schemas_backend_config_id_fkey FOREIGN KEY (backend_config_id) REFERENCES backend_configs(backend_config_id);


--
-- Name: schemas schemas_catalog_id_fkey; Type: FK CONSTRAINT; Schema: public; Owner: -
--

ALTER TABLE ONLY schemas
    ADD CONSTRAINT schemas_catalog_id_fkey FOREIGN KEY (catalog_id) REFERENCES catalogs(catalog_id);


--
-- PostgreSQL database dump complete
--

